# LFR benchmark graph: regime=B mu=0.7 realization=4
# undirected, unweighted; 1-based node ids; each edge listed once.
1 98
1 131
1 201
1 205
1 222
1 237
1 253
1 271
1 389
1 517
1 531
1 608
1 616
1 622
1 624
1 628
1 632
1 679
1 711
1 724
1 746
1 809
1 872
1 898
1 905
1 912
1 932
1 955
1 986
1 996
2 12
2 15
2 29
2 32
2 46
2 133
2 159
2 170
2 210
2 212
2 252
2 274
2 288
2 302
2 423
2 437
2 463
2 468
2 481
2 496
2 524
2 550
2 559
2 623
2 631
2 652
2 659
2 670
2 784
2 805
2 808
2 837
2 842
2 862
2 872
2 882
2 909
2 915
2 934
2 978
2 986
3 15
3 37
3 41
3 50
3 88
3 172
3 211
3 212
3 225
3 289
3 334
3 371
3 447
3 511
3 521
3 527
3 530
3 577
3 591
3 600
3 624
3 687
3 704
3 747
3 764
3 788
3 792
3 801
3 812
3 823
3 826
3 836
3 887
3 908
3 994
4 9
4 41
4 44
4 97
4 117
4 120
4 121
4 130
4 154
4 184
4 195
4 216
4 241
4 253
4 268
4 288
4 299
4 304
4 367
4 399
4 401
4 443
4 447
4 487
4 521
4 552
4 570
4 576
4 582
4 592
4 611
4 632
4 660
4 668
4 670
4 732
4 742
4 744
4 801
4 831
4 899
4 900
4 903
4 956
4 959
4 963
4 965
4 976
4 978
5 40
5 85
5 204
5 239
5 242
5 332
5 342
5 406
5 410
5 626
5 628
5 683
5 731
5 808
6 16
6 29
6 56
6 68
6 73
6 76
6 88
6 108
6 143
6 158
6 182
6 197
6 226
6 239
6 254
6 288
6 301
6 440
6 452
6 475
6 482
6 483
6 515
6 517
6 566
6 599
6 662
6 689
6 742
6 746
6 854
6 863
6 870
6 897
6 901
6 910
6 941
6 994
7 10
7 59
7 63
7 118
7 161
7 179
7 227
7 277
7 287
7 378
7 414
7 422
7 450
7 487
7 505
7 536
7 541
7 582
7 603
7 646
7 698
7 713
7 786
7 902
7 904
7 929
8 77
8 193
8 315
8 489
8 510
8 616
8 683
8 707
8 932
8 938
8 955
8 970
9 32
9 185
9 186
9 201
9 218
9 265
9 303
9 323
9 478
9 577
9 649
9 678
9 720
9 823
9 854
9 958
9 982
10 15
10 138
10 190
10 294
10 404
10 625
10 690
10 697
10 699
10 714
10 718
10 747
10 800
10 801
10 864
10 895
10 948
10 950
10 971
10 984
10 999
11 13
11 71
11 95
11 194
11 207
11 245
11 261
11 340
11 380
11 469
11 477
11 478
11 505
11 513
11 530
11 694
11 714
11 729
11 745
11 830
11 860
11 949
11 993
12 15
12 27
12 32
12 144
12 151
12 203
12 218
12 243
12 308
12 314
12 315
12 345
12 403
12 427
12 440
12 493
12 568
12 683
12 704
12 780
12 782
12 823
12 867
12 899
12 926
12 940
12 953
12 982
13 32
13 57
13 131
13 164
13 197
13 212
13 247
13 261
13 282
13 310
13 311
13 331
13 336
13 342
13 356
13 396
13 438
13 445
13 474
13 524
13 539
13 591
13 626
13 679
13 682
13 706
13 769
13 796
13 799
13 816
13 819
13 850
13 857
13 875
13 897
13 948
13 955
14 60
14 132
14 179
14 233
14 242
14 288
14 396
14 485
14 538
14 592
14 631
14 721
14 815
14 847
14 937
14 938
14 940
15 25
15 97
15 201
15 317
15 395
15 427
15 453
15 525
15 567
15 605
15 617
15 631
15 649
15 667
15 675
15 682
15 695
15 708
15 758
15 764
15 780
15 871
15 883
15 931
16 23
16 318
16 321
16 349
16 447
16 468
16 480
16 502
16 522
16 538
16 557
16 588
16 612
16 652
16 675
16 692
16 726
16 740
16 810
16 828
16 968
17 87
17 106
17 144
17 179
17 190
17 200
17 212
17 221
17 243
17 282
17 288
17 321
17 322
17 350
17 380
17 403
17 445
17 503
17 515
17 532
17 538
17 542
17 596
17 663
17 682
17 714
17 725
17 741
17 746
17 758
17 811
17 819
17 825
17 848
17 854
17 878
17 891
17 901
17 902
17 918
17 944
17 986
17 995
18 19
18 21
18 50
18 58
18 187
18 242
18 291
18 357
18 416
18 420
18 438
18 444
18 477
18 478
18 534
18 551
18 554
18 603
18 620
18 694
18 830
18 833
18 906
18 923
18 956
19 170
19 197
19 205
19 210
19 254
19 315
19 351
19 365
19 410
19 430
19 440
19 532
19 548
19 579
19 614
19 646
19 688
19 797
19 830
19 865
19 999
20 31
20 134
20 201
20 210
20 230
20 327
20 350
20 433
20 466
20 493
20 581
20 675
20 708
20 709
20 767
20 821
20 830
20 848
20 909
20 916
20 949
21 27
21 35
21 75
21 92
21 93
21 112
21 140
21 147
21 163
21 173
21 189
21 239
21 244
21 245
21 274
21 276
21 278
21 329
21 356
21 409
21 480
21 548
21 613
21 628
21 638
21 640
21 642
21 653
21 661
21 685
21 737
21 745
21 747
21 748
21 756
21 815
21 835
21 868
21 871
21 897
21 922
21 938
21 944
21 949
21 993
22 25
22 29
22 69
22 153
22 341
22 404
22 581
22 583
22 715
22 760
22 767
22 770
22 804
22 821
22 849
22 885
22 950
22 952
22 994
23 43
23 71
23 155
23 173
23 179
23 202
23 209
23 280
23 410
23 496
23 525
23 560
23 570
23 626
23 690
23 706
23 737
23 823
23 867
23 898
23 923
23 934
23 956
23 981
24 32
24 35
24 410
24 531
24 566
24 585
24 628
24 684
24 721
24 757
24 814
24 870
24 918
25 54
25 93
25 131
25 184
25 267
25 269
25 275
25 287
25 370
25 445
25 491
25 538
25 557
25 626
25 662
25 666
25 671
25 679
25 734
25 777
25 800
25 839
25 844
25 849
26 57
26 71
26 84
26 124
26 150
26 178
26 223
26 331
26 359
26 421
26 461
26 484
26 504
26 532
26 611
26 617
26 628
26 633
26 659
26 709
26 768
26 803
26 890
26 934
27 54
27 158
27 175
27 203
27 205
27 219
27 252
27 271
27 359
27 394
27 574
27 704
27 786
27 929
28 42
28 94
28 190
28 195
28 230
28 289
28 292
28 322
28 352
28 374
28 404
28 425
28 461
28 575
28 678
28 684
28 739
28 743
28 813
28 814
28 906
28 909
28 943
28 963
28 989
28 996
29 50
29 114
29 131
29 147
29 148
29 158
29 189
29 237
29 296
29 326
29 349
29 385
29 413
29 424
29 562
29 588
29 611
29 612
29 687
29 721
29 841
29 880
29 899
29 921
29 943
30 98
30 219
30 243
30 254
30 307
30 432
30 465
30 496
30 504
30 538
30 582
30 598
30 632
30 639
30 757
30 784
30 796
30 815
30 827
30 832
30 870
30 887
30 966
30 980
31 35
31 39
31 57
31 141
31 174
31 175
31 189
31 297
31 362
31 383
31 413
31 507
31 525
31 540
31 602
31 640
31 644
31 650
31 677
31 679
31 707
31 718
31 734
31 772
31 807
31 847
31 866
31 880
31 929
32 34
32 48
32 79
32 106
32 114
32 150
32 259
32 269
32 280
32 319
32 351
32 387
32 408
32 526
32 533
32 551
32 552
32 565
32 566
32 642
32 652
32 676
32 677
32 678
32 704
32 764
32 785
32 826
32 834
32 850
32 871
32 875
32 896
32 980
33 35
33 52
33 75
33 80
33 96
33 212
33 235
33 288
33 325
33 356
33 382
33 465
33 467
33 492
33 505
33 549
33 562
33 627
33 659
33 672
33 687
33 710
33 711
33 771
33 778
33 783
33 823
33 881
33 973
34 35
34 38
34 74
34 161
34 207
34 268
34 318
34 329
34 441
34 482
34 521
34 531
34 557
34 641
34 653
34 659
34 731
34 745
34 818
34 890
34 988
35 51
35 75
35 82
35 92
35 109
35 196
35 197
35 207
35 227
35 276
35 279
35 287
35 293
35 340
35 388
35 418
35 450
35 475
35 487
35 507
35 530
35 536
35 563
35 564
35 576
35 592
35 599
35 600
35 612
35 626
35 637
35 691
35 694
35 704
35 708
35 715
35 754
35 779
35 794
35 798
35 809
35 813
35 815
35 820
35 831
35 833
35 840
35 843
35 894
35 901
35 939
35 944
35 970
35 994
36 60
36 181
36 232
36 274
36 321
36 373
36 379
36 463
36 496
36 497
36 557
36 558
36 559
36 561
36 588
36 647
36 679
36 715
36 728
36 745
36 771
36 802
36 839
36 856
36 908
36 942
37 70
37 134
37 154
37 163
37 257
37 469
37 472
37 529
37 648
37 709
37 804
37 833
37 875
37 946
38 276
38 310
38 350
38 508
38 536
38 604
38 644
38 888
38 892
38 895
39 69
39 215
39 239
39 307
39 386
39 432
39 445
39 509
39 582
39 604
39 646
39 721
39 746
39 813
39 861
40 60
40 74
40 79
40 88
40 98
40 99
40 258
40 409
40 410
40 413
40 425
40 483
40 531
40 534
40 715
40 754
40 781
40 783
40 854
40 890
40 891
40 907
40 958
40 966
41 66
41 82
41 164
41 202
41 234
41 312
41 350
41 447
41 475
41 600
41 626
41 726
41 800
41 837
41 899
41 906
41 925
41 953
41 964
41 977
41 981
42 131
42 210
42 247
42 250
42 269
42 381
42 453
42 472
42 520
42 628
42 632
42 711
42 905
42 988
43 266
43 469
43 499
43 632
43 721
43 754
43 785
43 804
43 815
43 974
44 97
44 104
44 130
44 255
44 264
44 293
44 311
44 366
44 417
44 531
44 533
44 646
44 674
44 703
44 835
44 841
44 912
44 974
45 53
45 68
45 114
45 190
45 202
45 206
45 248
45 256
45 346
45 404
45 418
45 440
45 455
45 658
45 690
45 741
45 758
45 830
45 850
45 852
45 873
45 974
46 54
46 152
46 195
46 223
46 245
46 296
46 365
46 375
46 452
46 639
46 651
46 677
46 794
46 860
46 866
46 914
46 943
46 947
47 76
47 106
47 112
47 124
47 135
47 136
47 156
47 157
47 198
47 225
47 310
47 318
47 355
47 394
47 412
47 419
47 468
47 472
47 505
47 530
47 566
47 569
47 585
47 619
47 625
47 668
47 680
47 713
47 718
47 721
47 756
47 757
47 781
47 807
47 810
47 828
47 846
47 891
47 902
47 974
47 994
48 446
48 491
48 504
48 512
48 524
48 622
48 648
48 666
48 716
48 757
48 777
48 836
48 862
48 872
48 913
48 929
48 931
48 958
48 962
48 976
49 65
49 181
49 192
49 238
49 281
49 364
49 410
49 412
49 440
49 492
49 505
49 508
49 614
49 627
49 643
49 665
49 720
49 730
49 736
49 737
49 777
49 801
49 828
49 830
49 870
49 956
50 78
50 135
50 178
50 198
50 215
50 258
50 264
50 269
50 283
50 285
50 296
50 298
50 303
50 325
50 343
50 349
50 391
50 442
50 446
50 458
50 460
50 465
50 468
50 476
50 480
50 497
50 523
50 576
50 621
50 628
50 633
50 639
50 683
50 696
50 727
50 774
50 783
50 856
50 867
50 876
50 881
50 908
50 909
50 915
50 921
50 932
50 936
50 949
50 955
50 968
51 85
51 118
51 167
51 179
51 318
51 358
51 383
51 403
51 428
51 566
51 665
51 666
51 746
51 783
51 965
52 132
52 137
52 203
52 220
52 257
52 290
52 292
52 297
52 339
52 379
52 406
52 439
52 461
52 471
52 496
52 499
52 504
52 530
52 543
52 585
52 591
52 606
52 636
52 653
52 787
52 802
52 805
52 832
52 862
52 882
52 904
52 938
53 163
53 267
53 291
53 298
53 301
53 316
53 317
53 323
53 327
53 343
53 344
53 356
53 387
53 440
53 450
53 459
53 482
53 518
53 524
53 548
53 549
53 551
53 553
53 557
53 591
53 597
53 598
53 611
53 632
53 645
53 665
53 698
53 743
53 751
53 756
53 777
53 796
53 830
53 930
53 943
53 956
53 957
53 970
54 59
54 140
54 149
54 154
54 186
54 201
54 202
54 239
54 250
54 266
54 269
54 321
54 362
54 376
54 392
54 445
54 454
54 571
54 572
54 608
54 615
54 649
54 711
54 744
54 780
54 791
54 886
54 902
54 994
54 997
55 76
55 85
55 108
55 113
55 125
55 135
55 189
55 245
55 476
55 484
55 550
55 560
55 561
55 585
55 632
55 648
55 660
55 670
55 782
55 811
55 820
55 824
55 838
55 934
55 940
56 107
56 110
56 131
56 186
56 205
56 239
56 248
56 268
56 304
56 312
56 453
56 456
56 516
56 530
56 600
56 652
56 771
56 830
56 842
56 899
56 956
56 958
56 962
56 971
56 975
57 71
57 76
57 92
57 93
57 169
57 183
57 258
57 289
57 434
57 445
57 452
57 498
57 531
57 578
57 580
57 586
57 670
57 704
57 882
57 884
57 898
57 960
57 969
57 992
58 108
58 129
58 293
58 312
58 317
58 340
58 407
58 441
58 530
58 566
58 832
58 839
58 872
58 935
59 62
59 133
59 195
59 201
59 218
59 227
59 230
59 293
59 339
59 403
59 436
59 444
59 528
59 560
59 561
59 579
59 586
59 644
59 683
59 725
59 780
59 803
59 833
59 942
59 966
60 71
60 133
60 134
60 409
60 431
60 525
60 650
60 675
60 678
60 781
60 782
60 864
60 884
60 887
60 898
60 942
61 249
61 256
61 313
61 395
61 406
61 409
61 424
61 456
61 576
61 608
61 636
61 682
61 707
61 805
61 985
62 71
62 107
62 221
62 256
62 363
62 423
62 552
62 689
62 790
62 882
62 927
62 953
62 993
63 92
63 104
63 106
63 301
63 431
63 441
63 444
63 453
63 484
63 499
63 549
63 571
63 713
63 715
63 724
63 753
63 808
63 812
63 830
64 171
64 210
64 258
64 269
64 330
64 359
64 394
64 407
64 446
64 498
64 531
64 559
64 595
64 636
64 665
64 726
64 891
64 956
64 957
65 154
65 231
65 478
65 499
65 524
65 559
65 661
65 662
65 669
65 673
65 702
65 708
65 728
65 818
65 867
65 977
66 80
66 86
66 91
66 112
66 169
66 171
66 184
66 207
66 300
66 324
66 350
66 418
66 430
66 487
66 536
66 543
66 596
66 673
66 679
66 739
66 780
66 815
66 825
66 839
66 878
66 880
66 881
66 906
66 919
66 921
66 977
66 982
66 992
67 133
67 143
67 170
67 194
67 291
67 318
67 341
67 376
67 436
67 505
67 543
67 715
67 731
67 762
67 808
67 935
68 129
68 166
68 225
68 310
68 317
68 450
68 487
68 541
68 560
68 586
68 632
68 660
68 677
68 717
68 751
68 758
68 767
68 777
68 800
68 942
68 947
68 971
68 987
69 190
69 209
69 228
69 269
69 407
69 413
69 443
69 477
69 590
69 623
69 628
69 643
69 650
69 741
69 794
69 839
69 938
69 971
69 984
70 85
70 95
70 100
70 176
70 180
70 235
70 240
70 331
70 356
70 368
70 438
70 457
70 657
70 721
70 728
70 734
70 779
70 826
71 164
71 175
71 186
71 245
71 259
71 273
71 282
71 292
71 310
71 381
71 397
71 431
71 458
71 490
71 516
71 536
71 541
71 543
71 554
71 567
71 581
71 596
71 617
71 668
71 679
71 689
71 693
71 694
71 713
71 747
71 791
71 793
71 802
71 844
71 853
71 878
71 882
71 891
71 902
71 928
71 931
71 932
71 950
72 119
72 249
72 261
72 296
72 303
72 376
72 428
72 487
72 519
72 566
72 571
72 608
72 639
72 660
72 682
72 726
72 789
72 891
72 951
73 118
73 163
73 187
73 199
73 246
73 259
73 304
73 407
73 448
73 466
73 496
73 572
73 594
73 699
73 747
73 766
73 769
73 780
73 791
73 826
73 887
73 928
73 947
73 960
74 130
74 149
74 203
74 253
74 290
74 338
74 351
74 364
74 365
74 387
74 534
74 580
74 596
74 650
74 662
74 678
74 679
74 732
74 761
74 780
74 834
74 918
75 77
75 105
75 108
75 131
75 180
75 192
75 210
75 233
75 257
75 297
75 304
75 307
75 318
75 325
75 345
75 363
75 428
75 458
75 499
75 538
75 539
75 550
75 609
75 617
75 654
75 655
75 661
75 718
75 784
75 813
75 815
75 840
75 882
75 905
75 930
75 989
76 88
76 112
76 129
76 130
76 144
76 161
76 185
76 212
76 239
76 244
76 263
76 266
76 279
76 293
76 299
76 314
76 317
76 326
76 341
76 343
76 368
76 378
76 391
76 400
76 458
76 566
76 584
76 592
76 653
76 672
76 682
76 692
76 723
76 744
76 757
76 801
76 857
76 875
76 893
76 935
76 945
76 947
76 971
77 157
77 179
77 219
77 341
77 359
77 371
77 394
77 467
77 484
77 532
77 550
77 608
77 714
77 828
77 841
77 912
77 978
77 989
77 991
78 134
78 137
78 218
78 234
78 296
78 489
78 523
78 626
78 726
78 733
78 845
78 879
79 195
79 222
79 284
79 336
79 347
79 433
79 469
79 524
79 534
79 564
79 605
79 614
79 625
79 724
79 857
80 134
80 263
80 296
80 330
80 367
80 404
80 457
80 472
80 487
80 548
80 571
80 715
80 719
80 737
80 762
80 780
80 839
80 887
80 966
81 125
81 177
81 219
81 499
81 502
81 504
81 540
81 566
81 600
81 769
81 839
81 856
81 899
82 135
82 150
82 193
82 252
82 318
82 479
82 548
82 566
82 587
82 592
82 593
82 595
82 643
82 818
82 966
82 970
82 994
82 1000
83 147
83 235
83 271
83 280
83 323
83 392
83 474
83 546
83 590
83 599
83 616
83 679
83 689
83 725
83 735
83 762
83 772
83 810
83 857
83 948
83 968
83 978
84 180
84 187
84 212
84 221
84 296
84 305
84 341
84 354
84 396
84 464
84 472
84 499
84 507
84 529
84 584
84 620
84 719
84 768
84 790
84 897
84 899
84 917
84 927
84 991
85 120
85 135
85 190
85 210
85 270
85 273
85 287
85 308
85 360
85 416
85 437
85 466
85 467
85 468
85 473
85 474
85 487
85 496
85 522
85 538
85 596
85 622
85 660
85 721
85 733
85 773
85 808
85 823
85 850
85 856
85 867
85 893
85 975
85 995
86 196
86 306
86 320
86 332
86 399
86 412
86 431
86 444
86 580
86 603
86 604
86 614
86 720
86 757
86 775
86 792
86 888
87 126
87 179
87 198
87 428
87 461
87 497
87 509
87 568
87 609
87 670
87 745
87 885
87 958
87 971
88 102
88 132
88 143
88 180
88 181
88 207
88 216
88 218
88 235
88 266
88 270
88 274
88 277
88 313
88 336
88 390
88 424
88 426
88 450
88 480
88 491
88 508
88 522
88 532
88 543
88 544
88 561
88 576
88 600
88 693
88 725
88 741
88 751
88 766
88 795
88 804
88 872
88 884
88 950
88 966
88 984
88 992
89 185
89 210
89 318
89 389
89 478
89 480
89 499
89 574
89 647
89 673
89 690
89 747
89 769
89 788
89 790
89 813
89 856
89 888
90 94
90 99
90 117
90 141
90 198
90 307
90 350
90 389
90 562
90 575
90 590
90 687
90 703
90 707
90 738
90 785
90 810
90 861
90 867
90 883
90 898
90 911
90 979
90 993
91 148
91 212
91 324
91 351
91 476
91 608
91 643
91 646
91 724
91 786
91 815
91 976
91 986
92 112
92 287
92 410
92 449
92 480
92 485
92 560
92 563
92 597
92 609
92 727
92 768
92 922
92 933
92 977
93 121
93 311
93 408
93 412
93 472
93 499
93 628
93 712
93 721
93 751
93 911
94 375
94 464
94 503
94 576
94 734
94 776
94 806
94 921
94 962
95 238
95 378
95 395
95 533
95 770
95 779
95 790
95 847
96 149
96 153
96 313
96 477
96 494
96 533
96 607
96 628
96 645
96 650
96 657
96 678
96 751
96 769
96 833
96 860
97 131
97 166
97 210
97 235
97 239
97 277
97 309
97 395
97 444
97 611
97 653
97 691
97 768
97 967
97 969
98 114
98 116
98 186
98 269
98 275
98 278
98 285
98 349
98 351
98 368
98 379
98 412
98 432
98 463
98 529
98 530
98 577
98 609
98 661
98 679
98 705
98 708
98 713
98 737
98 780
98 786
98 883
98 899
98 923
98 925
98 935
98 960
99 273
99 277
99 287
99 340
99 356
99 431
99 435
99 437
99 455
99 464
99 511
99 574
99 589
99 593
99 617
99 684
99 693
99 697
99 759
99 785
99 815
99 830
99 865
99 949
99 982
100 126
100 139
100 173
100 211
100 280
100 287
100 294
100 295
100 323
100 348
100 360
100 380
100 418
100 459
100 534
100 561
100 641
100 663
100 721
100 810
100 980
101 135
101 169
101 174
101 325
101 566
101 569
101 608
101 628
101 645
101 798
101 854
101 860
101 870
101 892
101 895
101 905
101 942
101 952
102 176
102 243
102 263
102 289
102 440
102 457
102 465
102 534
102 548
102 575
102 600
102 813
102 828
102 860
102 870
102 962
103 161
103 176
103 214
103 255
103 268
103 287
103 315
103 316
103 321
103 458
103 527
103 562
103 626
103 656
103 679
103 697
103 699
103 755
103 773
103 862
103 867
103 884
103 918
103 960
103 967
103 975
103 981
103 984
104 107
104 122
104 124
104 130
104 201
104 222
104 265
104 270
104 289
104 306
104 359
104 367
104 369
104 422
104 456
104 501
104 512
104 531
104 537
104 547
104 555
104 573
104 666
104 677
104 698
104 709
104 736
104 746
104 750
104 765
104 767
104 779
104 780
104 783
104 825
104 847
104 912
104 945
104 966
104 967
104 989
104 991
105 142
105 195
105 218
105 312
105 372
105 426
105 432
105 570
105 685
105 699
105 744
105 870
105 892
105 938
105 958
106 141
106 148
106 217
106 229
106 231
106 233
106 257
106 278
106 311
106 333
106 340
106 345
106 390
106 402
106 415
106 425
106 432
106 444
106 450
106 466
106 504
106 512
106 524
106 534
106 546
106 580
106 609
106 615
106 657
106 675
106 690
106 699
106 703
106 734
106 755
106 758
106 761
106 815
106 817
106 822
106 830
106 869
106 897
106 956
106 968
107 121
107 161
107 175
107 260
107 353
107 368
107 409
107 450
107 474
107 479
107 481
107 504
107 558
107 566
107 583
107 587
107 606
107 612
107 645
107 669
107 720
107 722
107 780
107 786
107 808
107 814
107 816
107 829
107 857
107 867
107 879
107 918
107 933
108 134
108 185
108 208
108 258
108 269
108 304
108 310
108 325
108 360
108 392
108 532
108 562
108 651
108 655
108 801
108 805
108 813
108 861
108 901
108 910
108 924
108 936
108 937
108 949
108 967
108 997
109 200
109 222
109 242
109 280
109 307
109 326
109 569
109 599
109 623
109 709
109 901
109 905
109 949
109 989
110 137
110 160
110 182
110 200
110 251
110 289
110 290
110 296
110 312
110 506
110 600
110 614
110 659
110 668
110 698
110 701
110 781
110 943
110 962
110 995
111 112
111 113
111 128
111 135
111 185
111 201
111 210
111 238
111 249
111 311
111 317
111 378
111 452
111 551
111 597
111 601
111 603
111 614
111 720
111 736
111 786
111 841
111 899
111 909
111 942
111 949
111 976
112 131
112 135
112 247
112 307
112 313
112 347
112 352
112 399
112 411
112 500
112 502
112 503
112 506
112 520
112 523
112 529
112 561
112 562
112 572
112 576
112 602
112 617
112 624
112 690
112 703
112 704
112 709
112 755
112 767
112 804
112 820
112 830
112 866
112 935
112 938
112 962
112 978
112 986
112 999
113 144
113 287
113 289
113 401
113 463
113 503
113 509
113 592
113 606
113 633
113 675
113 689
113 690
113 845
113 923
114 118
114 212
114 280
114 336
114 424
114 429
114 534
114 564
114 643
114 713
114 758
114 792
114 801
114 826
114 827
114 887
114 897
114 944
114 958
115 169
115 192
115 195
115 340
115 374
115 391
115 474
115 550
115 564
115 605
115 648
115 659
115 819
115 930
115 949
115 962
115 966
115 982
115 993
116 205
116 307
116 344
116 348
116 409
116 482
116 506
116 603
116 650
116 721
116 723
116 728
116 849
116 880
116 949
116 978
117 118
117 303
117 359
117 416
117 428
117 440
117 478
117 512
117 683
117 704
117 721
117 827
117 847
117 851
117 887
117 977
118 161
118 172
118 218
118 278
118 367
118 377
118 422
118 423
118 434
118 441
118 495
118 612
118 636
118 696
118 782
118 786
118 789
118 847
118 876
118 880
118 977
118 993
119 172
119 265
119 276
119 356
119 395
119 469
119 489
119 501
119 546
119 591
119 678
119 683
119 698
119 717
119 728
119 856
119 863
119 889
119 898
119 905
119 968
119 970
119 978
120 159
120 185
120 345
120 400
120 406
120 437
120 447
120 585
120 600
120 697
120 713
120 724
120 731
120 733
120 777
120 872
120 878
120 994
121 143
121 191
121 234
121 345
121 365
121 546
121 596
121 608
121 625
121 646
121 683
121 692
121 695
121 722
121 780
121 816
121 861
121 937
122 147
122 160
122 193
122 287
122 346
122 448
122 579
122 690
122 780
122 847
122 922
122 925
122 960
122 996
123 159
123 349
123 554
123 597
123 602
123 634
123 641
123 678
123 682
123 716
123 781
123 831
123 934
123 966
123 985
124 130
124 142
124 144
124 151
124 164
124 230
124 294
124 307
124 326
124 357
124 368
124 405
124 413
124 434
124 480
124 485
124 531
124 544
124 564
124 572
124 573
124 576
124 588
124 603
124 624
124 632
124 642
124 663
124 665
124 682
124 694
124 726
124 728
124 767
124 772
124 782
124 783
124 825
124 882
124 905
124 906
124 912
124 914
124 952
124 963
124 999
125 172
125 218
125 256
125 324
125 370
125 426
125 449
125 463
125 484
125 504
125 530
125 538
125 604
125 675
125 729
125 766
125 779
125 854
125 866
125 923
125 929
125 952
126 263
126 302
126 337
126 410
126 472
126 482
126 538
126 766
126 854
126 863
126 966
127 147
127 171
127 193
127 262
127 332
127 414
127 433
127 473
127 575
127 622
127 630
127 639
127 646
127 736
127 803
127 813
127 831
127 875
127 983
128 130
128 265
128 309
128 364
128 396
128 418
128 440
128 480
128 572
128 643
128 701
128 792
128 797
128 809
128 870
128 890
129 134
129 150
129 169
129 250
129 314
129 340
129 404
129 405
129 407
129 451
129 489
129 520
129 543
129 579
129 600
129 612
129 616
129 751
129 822
129 860
129 918
129 943
129 946
130 158
130 270
130 292
130 307
130 332
130 536
130 558
130 580
130 611
130 698
130 746
130 748
130 753
130 771
130 783
130 785
130 804
130 838
130 879
130 910
131 141
131 147
131 154
131 188
131 192
131 213
131 226
131 235
131 280
131 423
131 485
131 505
131 561
131 605
131 606
131 632
131 700
131 715
131 747
131 748
131 761
131 803
131 824
131 829
131 870
131 883
131 934
131 965
131 991
131 994
132 164
132 261
132 303
132 314
132 421
132 436
132 452
132 480
132 485
132 549
132 606
132 624
132 642
132 660
132 677
132 688
132 713
132 729
132 782
132 810
132 862
132 865
132 893
132 901
132 920
132 927
132 961
133 143
133 308
133 407
133 482
133 522
133 559
133 810
133 867
133 899
133 952
133 970
134 142
134 153
134 172
134 184
134 228
134 234
134 247
134 249
134 292
134 356
134 368
134 373
134 375
134 389
134 397
134 417
134 422
134 437
134 440
134 443
134 483
134 499
134 573
134 580
134 602
134 617
134 664
134 671
134 700
134 710
134 757
134 783
134 785
134 818
134 847
134 849
134 853
134 896
134 906
134 943
134 961
135 178
135 194
135 243
135 247
135 262
135 263
135 271
135 293
135 311
135 373
135 420
135 460
135 479
135 494
135 501
135 504
135 521
135 555
135 567
135 570
135 600
135 630
135 633
135 703
135 718
135 728
135 739
135 756
135 838
135 858
135 868
135 892
135 895
135 898
135 906
135 955
135 986
135 994
136 157
136 268
136 568
136 574
136 626
136 659
136 783
136 815
136 918
136 943
136 966
136 994
137 179
137 218
137 254
137 338
137 414
137 418
137 428
137 433
137 450
137 456
137 461
137 494
137 596
137 602
137 648
137 670
137 678
137 694
137 713
137 727
137 736
137 872
137 960
138 277
138 306
138 355
138 450
138 528
138 582
138 703
138 781
138 827
138 840
138 882
139 154
139 175
139 185
139 230
139 249
139 548
139 562
139 641
139 677
139 880
139 932
139 962
139 982
140 157
140 356
140 512
140 741
140 756
140 815
140 874
140 901
140 905
140 932
141 315
141 349
141 504
141 548
141 575
141 658
141 679
141 729
141 731
141 843
142 182
142 210
142 257
142 408
142 427
142 445
142 493
142 501
142 522
142 588
142 595
142 862
142 897
142 921
142 924
143 182
143 184
143 186
143 203
143 211
143 420
143 580
143 583
143 590
143 676
143 698
143 731
143 824
143 836
143 891
143 953
143 956
143 976
143 991
144 163
144 171
144 194
144 217
144 238
144 240
144 291
144 312
144 358
144 383
144 384
144 386
144 406
144 457
144 478
144 505
144 549
144 595
144 597
144 626
144 655
144 702
144 713
144 717
144 732
144 749
144 752
144 771
144 782
144 789
144 813
144 839
144 854
144 856
144 885
144 984
144 990
145 252
145 324
145 363
145 368
145 385
145 536
145 558
145 580
145 585
145 617
145 639
145 670
145 732
145 920
146 219
146 248
146 277
146 318
146 394
146 396
146 496
146 511
146 610
146 662
146 677
146 704
146 716
146 729
146 753
146 791
146 806
146 813
146 911
146 921
146 956
147 165
147 287
147 318
147 368
147 376
147 477
147 540
147 652
147 659
147 661
147 699
147 731
147 838
147 842
147 867
147 963
147 977
148 161
148 216
148 239
148 250
148 252
148 301
148 341
148 453
148 548
148 623
148 646
148 675
148 710
148 728
148 853
148 923
149 165
149 184
149 291
149 296
149 315
149 316
149 319
149 369
149 394
149 414
149 430
149 490
149 562
149 590
149 666
149 669
149 673
149 674
149 695
149 745
149 769
149 783
149 869
149 873
149 925
149 933
149 947
149 948
149 993
150 189
150 198
150 259
150 291
150 349
150 356
150 382
150 394
150 416
150 431
150 445
150 477
150 499
150 549
150 562
150 596
150 614
150 651
150 662
150 777
150 814
150 829
150 835
150 993
150 997
151 181
151 258
151 280
151 392
151 501
151 522
151 578
151 651
151 655
151 744
151 999
152 161
152 318
152 493
152 499
152 501
152 574
152 576
152 620
152 632
152 652
152 686
152 692
152 728
152 736
152 793
152 800
152 893
152 991
153 156
153 161
153 257
153 276
153 314
153 348
153 353
153 421
153 460
153 495
153 498
153 504
153 519
153 553
153 598
153 688
153 734
153 790
153 824
153 831
153 833
153 839
153 881
153 924
154 334
154 405
154 451
154 467
154 493
154 628
154 663
154 748
154 904
154 906
154 968
155 258
155 340
155 401
155 455
155 508
155 531
155 577
155 626
155 636
155 719
156 260
156 315
156 352
156 436
156 442
156 520
156 563
156 620
156 758
156 794
156 800
156 805
156 823
156 880
156 929
156 943
156 988
157 191
157 246
157 326
157 412
157 434
157 480
157 484
157 525
157 534
157 578
157 626
157 663
157 674
157 771
157 782
157 833
157 912
158 196
158 212
158 225
158 260
158 300
158 346
158 362
158 364
158 385
158 387
158 424
158 436
158 462
158 472
158 485
158 497
158 506
158 552
158 569
158 598
158 627
158 630
158 637
158 646
158 663
158 683
158 685
158 711
158 721
158 729
158 751
158 759
158 796
158 797
158 801
158 830
158 851
158 853
158 854
158 880
158 893
158 920
158 938
158 983
158 993
159 163
159 230
159 268
159 286
159 307
159 309
159 312
159 314
159 317
159 322
159 438
159 497
159 557
159 610
159 743
159 792
159 829
159 836
159 839
159 862
159 891
159 987
159 1000
160 181
160 201
160 203
160 237
160 239
160 244
160 275
160 287
160 289
160 332
160 410
160 419
160 585
160 756
160 779
160 810
160 940
161 179
161 200
161 204
161 223
161 235
161 250
161 293
161 315
161 320
161 354
161 371
161 395
161 408
161 444
161 456
161 477
161 479
161 492
161 529
161 539
161 546
161 563
161 578
161 602
161 659
161 668
161 811
161 867
161 935
161 945
161 997
162 361
162 404
162 514
162 557
162 585
162 608
162 620
162 625
162 666
162 729
162 784
162 786
162 813
162 838
163 248
163 350
163 353
163 356
163 366
163 403
163 434
163 477
163 573
163 587
163 651
163 659
163 703
163 734
163 748
163 827
163 842
163 856
163 867
163 923
163 970
163 986
164 170
164 203
164 240
164 283
164 310
164 322
164 419
164 452
164 482
164 501
164 537
164 589
164 602
164 615
164 622
164 693
164 707
164 714
164 717
164 739
164 754
164 761
164 765
164 787
164 812
164 822
164 854
164 921
164 947
164 949
164 950
164 952
164 966
164 978
164 996
165 171
165 173
165 194
165 280
165 288
165 312
165 342
165 446
165 720
165 784
165 807
165 868
165 929
165 935
166 412
166 426
166 586
166 636
166 767
166 797
166 800
166 837
166 856
166 860
166 887
166 932
167 230
167 233
167 257
167 262
167 282
167 284
167 314
167 470
167 538
167 565
167 697
167 776
167 795
167 804
167 813
167 867
167 886
167 942
168 289
168 419
168 439
168 448
168 534
168 546
168 555
168 655
168 688
168 822
168 868
168 872
168 881
169 186
169 226
169 246
169 252
169 328
169 376
169 406
169 563
169 597
169 639
169 647
169 713
169 812
169 865
169 878
169 901
169 913
169 974
170 463
170 614
170 627
170 687
170 731
170 765
170 791
170 820
170 846
170 875
171 172
171 223
171 257
171 266
171 285
171 289
171 322
171 328
171 340
171 367
171 435
171 440
171 563
171 579
171 654
171 666
171 703
171 732
171 756
171 804
171 806
171 814
172 198
172 210
172 215
172 309
172 322
172 327
172 362
172 417
172 492
172 542
172 562
172 570
172 575
172 603
172 652
172 660
172 682
172 684
172 699
172 805
172 819
172 825
172 842
172 854
172 885
172 922
172 932
172 989
173 202
173 264
173 287
173 300
173 405
173 418
173 419
173 424
173 486
173 489
173 502
173 532
173 534
173 586
173 626
173 692
173 695
173 785
173 815
173 884
173 954
173 975
173 993
174 178
174 235
174 329
174 457
174 476
174 480
174 517
174 534
174 618
174 626
174 627
174 644
174 650
174 652
174 671
174 799
174 815
174 826
174 840
174 867
174 912
174 918
174 945
174 962
175 322
175 325
175 410
175 424
175 425
175 450
175 476
175 484
175 537
175 559
175 575
175 577
175 617
175 622
175 640
175 657
175 669
175 708
175 731
175 768
175 778
175 803
175 826
175 841
175 878
175 881
175 902
175 919
175 962
175 969
175 988
176 216
176 237
176 238
176 239
176 240
176 244
176 262
176 280
176 281
176 314
176 361
176 363
176 486
176 515
176 564
176 584
176 605
176 665
176 689
176 745
176 748
176 755
176 777
176 812
176 854
176 860
176 889
176 890
176 908
176 909
176 919
176 925
176 932
176 955
176 971
176 977
177 212
177 244
177 352
177 356
177 366
177 390
177 406
177 415
177 434
177 458
177 566
177 567
177 647
177 652
177 746
177 751
177 757
177 760
177 928
177 966
178 230
178 255
178 408
178 599
178 608
178 617
178 692
178 731
178 741
178 747
178 786
178 830
178 914
178 940
179 239
179 258
179 277
179 406
179 441
179 469
179 477
179 483
179 540
179 620
179 659
179 808
179 916
179 951
180 202
180 230
180 409
180 436
180 494
180 540
180 554
180 641
180 654
180 665
180 688
180 714
180 806
180 811
180 946
181 210
181 241
181 245
181 292
181 367
181 407
181 431
181 433
181 470
181 473
181 478
181 484
181 536
181 597
181 646
181 679
181 690
181 767
181 773
181 836
181 888
181 899
181 918
181 919
181 944
182 201
182 213
182 235
182 239
182 261
182 294
182 344
182 356
182 420
182 511
182 520
182 557
182 604
182 611
182 640
182 701
182 721
182 725
182 821
182 850
182 897
182 943
182 993
183 218
183 325
183 378
183 419
183 469
183 474
183 522
183 614
183 620
183 703
183 744
183 829
183 871
183 912
183 975
184 325
184 326
184 382
184 396
184 409
184 425
184 432
184 525
184 560
184 574
184 612
184 637
184 642
184 684
184 753
184 763
184 768
184 805
184 854
184 856
184 901
184 926
184 936
184 941
184 995
185 204
185 217
185 235
185 287
185 291
185 308
185 337
185 370
185 433
185 455
185 457
185 478
185 480
185 486
185 522
185 560
185 583
185 606
185 622
185 696
185 704
185 717
185 739
185 755
185 798
185 834
185 839
185 852
185 899
185 962
186 212
186 232
186 279
186 340
186 342
186 385
186 412
186 444
186 465
186 496
186 533
186 592
186 658
186 660
186 666
186 705
186 738
186 797
186 883
186 884
186 935
186 960
186 961
187 284
187 328
187 336
187 383
187 414
187 431
187 461
187 570
187 595
187 641
187 649
187 717
187 839
187 882
187 957
187 961
187 969
187 993
188 255
188 264
188 490
188 524
188 599
188 762
188 851
188 904
188 920
189 190
189 239
189 270
189 277
189 310
189 322
189 350
189 351
189 364
189 412
189 491
189 534
189 697
189 791
189 892
189 918
189 992
190 195
190 347
190 386
190 420
190 431
190 470
190 472
190 626
190 636
190 654
190 671
190 686
190 701
190 758
190 762
190 781
190 807
190 839
190 856
190 879
190 947
190 967
191 245
191 253
191 282
191 354
191 414
191 447
191 455
191 592
191 600
191 619
191 627
191 651
191 757
191 774
191 822
191 899
191 904
191 942
191 982
192 206
192 209
192 212
192 296
192 361
192 403
192 429
192 434
192 470
192 500
192 620
192 627
192 652
192 668
192 697
192 703
192 715
192 718
192 766
192 782
192 829
192 853
192 934
192 981
192 997
193 232
193 258
193 318
193 320
193 394
193 415
193 548
193 554
193 581
193 582
193 609
193 665
193 771
193 790
193 796
193 813
193 858
193 859
193 876
193 942
193 948
193 956
194 241
194 280
194 302
194 312
194 439
194 531
194 538
194 549
194 581
194 606
194 608
194 629
194 635
194 765
194 806
194 843
194 873
194 886
194 898
194 911
194 918
194 943
194 964
194 1000
195 216
195 334
195 465
195 501
195 549
195 605
195 606
195 673
195 804
195 810
195 848
195 931
195 938
195 947
196 287
196 291
196 293
196 340
196 626
196 635
196 652
196 661
196 701
196 732
196 757
196 776
196 780
196 823
196 842
196 870
196 922
196 928
196 929
196 942
196 974
197 219
197 406
197 471
197 654
197 670
197 709
197 713
197 780
197 821
197 997
198 207
198 347
198 351
198 384
198 462
198 473
198 487
198 501
198 502
198 528
198 532
198 560
198 576
198 621
198 721
198 732
198 754
198 757
198 871
198 881
198 896
198 971
199 220
199 223
199 260
199 268
199 314
199 317
199 347
199 365
199 386
199 410
199 453
199 454
199 461
199 480
199 486
199 491
199 502
199 528
199 576
199 623
199 625
199 728
199 772
199 815
199 844
199 897
199 919
199 924
199 962
199 993
200 259
200 272
200 297
200 395
200 406
200 445
200 485
200 545
200 609
200 614
200 615
200 642
200 677
200 732
200 751
200 786
200 788
200 799
200 997
201 221
201 249
201 258
201 261
201 280
201 288
201 372
201 392
201 418
201 496
201 502
201 548
201 559
201 571
201 616
201 617
201 645
201 716
201 767
201 806
201 831
201 838
201 854
201 858
201 977
202 269
202 270
202 277
202 319
202 327
202 338
202 373
202 374
202 414
202 434
202 458
202 487
202 528
202 548
202 604
202 685
202 715
202 734
202 741
202 757
202 774
202 778
202 810
202 811
202 831
202 873
202 917
202 951
202 956
202 964
202 975
203 265
203 315
203 326
203 355
203 365
203 417
203 435
203 460
203 466
203 482
203 495
203 507
203 533
203 547
203 602
203 646
203 704
203 729
203 730
203 758
203 860
203 899
203 907
203 955
203 974
204 217
204 370
204 388
204 390
204 477
204 575
204 644
204 717
204 725
204 812
204 813
204 896
204 913
204 934
204 960
204 966
204 982
205 213
205 257
205 278
205 286
205 306
205 382
205 511
205 552
205 570
205 586
205 602
205 652
205 773
205 857
205 884
205 909
205 942
205 972
206 252
206 256
206 413
206 427
206 460
206 462
206 463
206 479
206 496
206 549
206 608
206 673
206 823
206 867
206 981
207 258
207 271
207 314
207 363
207 421
207 450
207 457
207 492
207 577
207 597
207 627
207 707
207 750
207 751
207 759
207 766
207 777
207 786
207 828
207 852
207 865
207 882
207 913
207 916
207 924
207 926
207 947
207 959
208 236
208 267
208 270
208 305
208 480
208 503
208 608
208 649
208 659
208 695
208 702
208 907
208 923
208 948
208 960
209 277
209 343
209 360
209 377
209 407
209 435
209 519
209 532
209 534
209 548
209 578
209 657
209 722
209 757
209 806
209 870
209 875
209 881
209 920
209 960
209 963
209 978
209 991
210 220
210 226
210 239
210 320
210 329
210 331
210 337
210 369
210 372
210 374
210 418
210 436
210 440
210 446
210 447
210 451
210 465
210 480
210 483
210 545
210 565
210 594
210 609
210 621
210 626
210 661
210 662
210 704
210 833
210 836
210 840
210 914
210 918
211 232
211 261
211 330
211 396
211 423
211 459
211 474
211 495
211 510
211 553
211 585
211 600
211 602
211 618
211 644
211 658
211 723
211 779
211 829
211 832
211 833
211 860
211 899
211 920
211 924
211 945
211 965
212 232
212 252
212 279
212 308
212 342
212 388
212 408
212 435
212 474
212 480
212 493
212 612
212 692
212 740
212 756
212 819
212 823
212 836
212 855
212 861
212 883
212 918
212 945
212 947
212 977
212 982
213 217
213 442
213 524
213 719
213 771
213 906
213 917
214 267
214 415
214 475
214 492
214 538
214 583
214 611
214 614
214 711
214 715
214 767
214 982
215 492
215 514
215 620
215 632
215 679
215 731
215 747
215 786
215 885
215 918
216 347
216 371
216 400
216 483
216 593
216 594
216 602
216 608
216 713
216 783
216 810
216 899
217 269
217 340
217 385
217 468
217 478
217 541
217 720
217 792
217 796
217 844
217 848
217 890
218 220
218 279
218 283
218 347
218 383
218 478
218 505
218 548
218 573
218 612
218 624
218 647
218 716
218 747
218 772
218 821
218 826
218 853
218 869
218 891
218 918
218 947
219 220
219 238
219 265
219 266
219 299
219 312
219 345
219 360
219 375
219 389
219 406
219 484
219 501
219 542
219 614
219 667
219 708
219 713
219 755
219 786
219 795
219 811
219 813
219 848
219 865
219 899
219 910
219 954
219 963
219 990
220 349
220 405
220 430
220 482
220 600
220 664
220 707
220 758
220 770
220 789
220 811
220 813
220 847
220 865
220 940
220 960
221 258
221 471
221 505
221 534
221 618
221 640
221 643
221 649
221 749
221 839
221 842
221 882
222 234
222 255
222 256
222 413
222 418
222 487
222 513
222 522
222 678
222 679
222 746
222 766
222 767
222 795
222 885
222 895
222 910
222 958
222 974
223 228
223 231
223 239
223 252
223 281
223 289
223 366
223 377
223 412
223 417
223 471
223 610
223 649
223 727
223 788
223 834
223 859
223 901
223 936
223 961
224 302
224 420
224 428
224 444
224 496
224 529
224 574
224 583
224 599
224 712
224 726
224 757
224 852
224 860
224 862
224 948
224 960
225 252
225 265
225 266
225 323
225 331
225 367
225 388
225 423
225 445
225 504
225 537
225 559
225 577
225 590
225 618
225 620
225 636
225 644
225 646
225 663
225 691
225 692
225 704
225 764
225 768
225 780
225 834
225 859
225 860
225 918
225 980
226 351
226 464
226 607
226 752
226 754
226 764
226 878
227 344
227 374
227 380
227 396
227 418
227 433
227 445
227 469
227 526
227 617
227 700
227 719
227 769
227 796
227 826
227 833
227 939
227 956
228 254
228 263
228 382
228 384
228 603
228 639
228 646
228 731
228 841
228 874
228 883
228 950
228 999
229 267
229 288
229 318
229 334
229 441
229 478
229 480
229 501
229 563
229 724
229 798
229 801
229 906
229 948
229 958
229 960
229 992
230 280
230 287
230 310
230 396
230 413
230 415
230 447
230 451
230 477
230 573
230 592
230 629
230 650
230 678
230 713
230 731
230 780
230 801
230 804
230 830
230 902
231 260
231 357
231 361
231 418
231 455
231 458
231 473
231 478
231 485
231 499
231 507
231 523
231 534
231 601
231 607
231 624
231 649
231 682
231 700
231 706
231 771
231 804
231 829
231 869
231 891
231 898
231 939
231 963
231 984
232 234
232 347
232 404
232 447
232 753
232 774
232 791
232 808
232 846
232 856
232 925
233 291
233 336
233 346
233 411
233 450
233 469
233 531
233 728
233 826
233 841
233 947
233 972
234 238
234 241
234 263
234 266
234 285
234 286
234 312
234 379
234 388
234 410
234 474
234 484
234 504
234 520
234 531
234 550
234 610
234 637
234 660
234 702
234 756
234 791
234 792
234 819
234 830
234 831
234 847
234 850
234 860
234 945
234 999
235 286
235 305
235 411
235 434
235 470
235 496
235 636
235 680
235 731
235 744
235 789
235 797
235 806
235 821
235 827
235 878
236 257
236 265
236 371
236 472
236 553
236 575
236 594
236 686
236 704
236 815
236 833
236 836
236 958
236 962
237 365
237 410
237 415
237 487
237 514
237 522
237 532
237 630
237 662
237 682
237 686
237 709
237 747
237 778
237 794
237 862
237 945
237 994
237 998
238 310
238 345
238 376
238 403
238 404
238 406
238 428
238 472
238 478
238 533
238 582
238 699
238 726
238 752
238 776
238 814
238 830
238 847
238 925
239 280
239 306
239 345
239 362
239 410
239 508
239 512
239 559
239 602
239 606
239 617
239 652
239 679
239 700
239 772
239 785
239 869
239 908
239 929
239 938
239 947
240 260
240 272
240 277
240 324
240 366
240 405
240 443
240 531
240 645
240 670
240 675
240 684
240 709
240 714
240 765
240 867
240 874
240 936
240 956
240 962
241 355
241 474
241 629
241 635
241 640
241 715
241 718
241 854
241 952
241 991
242 243
242 339
242 455
242 614
242 711
242 791
242 842
242 882
242 934
242 942
243 315
243 341
243 371
243 373
243 383
243 389
243 412
243 426
243 452
243 475
243 506
243 536
243 550
243 552
243 592
243 631
243 638
243 660
243 674
243 691
243 701
243 709
243 745
243 762
243 790
243 795
243 800
243 803
243 805
243 809
243 833
243 844
243 944
243 954
243 966
243 989
244 256
244 261
244 308
244 340
244 341
244 356
244 366
244 440
244 468
244 499
244 546
244 580
244 588
244 637
244 661
244 717
244 739
244 758
244 760
244 771
244 780
244 873
244 888
244 955
244 969
245 262
245 286
245 332
245 336
245 413
245 472
245 492
245 499
245 675
245 691
245 796
245 812
245 864
245 887
245 957
245 970
245 979
245 982
246 317
246 428
246 469
246 487
246 511
246 556
246 613
246 617
246 653
246 665
246 750
246 776
246 913
246 946
247 318
247 331
247 352
247 370
247 458
247 477
247 487
247 627
247 650
247 655
247 668
247 679
247 701
247 764
247 938
247 971
248 287
248 323
248 340
248 617
248 643
248 713
248 758
248 838
248 863
248 918
248 936
248 947
249 277
249 345
249 377
249 409
249 474
249 532
249 589
249 603
249 679
249 684
249 709
249 801
249 896
249 916
249 931
250 288
250 328
250 471
250 472
250 476
250 525
250 560
250 567
250 578
250 621
250 639
250 745
250 780
250 783
250 799
251 340
251 408
251 463
251 483
251 532
251 543
251 582
251 634
251 679
251 701
251 847
251 904
251 923
251 981
252 257
252 291
252 296
252 392
252 417
252 450
252 461
252 479
252 486
252 487
252 524
252 559
252 560
252 574
252 616
252 665
252 681
252 753
252 759
252 874
252 897
252 995
253 256
253 276
253 289
253 349
253 366
253 371
253 404
253 406
253 447
253 469
253 537
253 594
253 600
253 713
253 746
253 756
253 794
253 810
253 934
253 956
253 963
253 971
254 354
254 396
254 437
254 450
254 480
254 481
254 521
254 628
254 705
254 768
254 783
254 792
254 799
254 800
254 831
254 931
255 279
255 283
255 291
255 315
255 343
255 378
255 381
255 412
255 502
255 523
255 538
255 539
255 555
255 567
255 579
255 581
255 586
255 597
255 600
255 632
255 651
255 668
255 678
255 684
255 685
255 700
255 704
255 723
255 726
255 738
255 755
255 759
255 776
255 794
255 811
255 812
255 831
255 875
255 898
255 903
255 918
255 952
255 972
255 981
256 313
256 434
256 470
256 498
256 580
256 591
256 609
256 634
256 694
256 808
256 817
256 884
256 902
256 926
256 958
256 989
257 272
257 279
257 293
257 301
257 315
257 349
257 350
257 388
257 469
257 497
257 504
257 531
257 571
257 600
257 608
257 623
257 716
257 798
257 805
257 865
257 901
257 962
257 979
257 981
258 287
258 297
258 308
258 312
258 317
258 318
258 352
258 364
258 394
258 403
258 420
258 434
258 444
258 448
258 457
258 471
258 486
258 515
258 528
258 548
258 640
258 650
258 651
258 741
258 800
258 801
258 806
258 830
258 848
258 866
258 879
258 882
258 889
258 943
258 948
258 956
258 966
258 980
259 277
259 280
259 286
259 340
259 357
259 406
259 501
259 509
259 511
259 522
259 634
259 679
259 742
259 794
259 840
259 897
259 923
259 943
259 959
259 987
260 264
260 279
260 287
260 323
260 347
260 372
260 412
260 745
260 840
260 878
260 967
260 987
261 324
261 325
261 337
261 340
261 341
261 350
261 396
261 398
261 413
261 431
261 435
261 439
261 482
261 483
261 547
261 558
261 573
261 615
261 629
261 639
261 671
261 675
261 759
261 769
261 771
261 800
261 820
261 835
261 887
261 897
261 918
261 937
261 938
261 966
261 997
262 317
262 322
262 376
262 396
262 412
262 677
262 780
262 782
262 784
262 867
262 952
262 960
262 971
263 308
263 312
263 323
263 375
263 378
263 447
263 524
263 564
263 574
263 639
263 654
263 658
263 664
263 709
263 728
263 766
263 839
263 844
263 864
263 943
263 945
264 275
264 319
264 369
264 378
264 437
264 462
264 464
264 478
264 497
264 504
264 645
264 712
264 720
264 759
264 763
264 857
264 863
264 883
264 895
264 900
264 912
264 915
264 934
265 289
265 337
265 368
265 410
265 439
265 477
265 478
265 483
265 505
265 557
265 566
265 568
265 600
265 612
265 624
265 633
265 665
265 677
265 771
265 778
265 797
265 870
265 899
265 931
265 938
265 993
266 350
266 387
266 411
266 522
266 530
266 532
266 606
266 728
266 741
266 743
266 778
266 798
266 959
266 973
266 989
266 997
267 293
267 314
267 375
267 440
267 448
267 458
267 493
267 517
267 526
267 529
267 566
267 643
267 665
267 782
267 796
267 806
267 824
267 839
267 872
267 950
267 966
268 293
268 375
268 422
268 437
268 447
268 499
268 570
268 665
268 745
268 760
268 770
268 806
268 857
268 860
268 941
268 948
268 956
268 957
268 987
269 287
269 299
269 368
269 404
269 410
269 435
269 496
269 515
269 517
269 616
269 618
269 643
269 672
269 715
269 719
269 731
269 741
269 830
269 857
269 870
269 927
269 932
269 939
269 972
269 990
269 997
269 998
270 286
270 373
270 394
270 403
270 416
270 448
270 466
270 491
270 594
270 604
270 651
270 682
270 713
270 718
270 752
270 830
270 863
270 873
270 913
270 929
270 948
270 956
270 975
270 982
270 984
271 322
271 367
271 409
271 463
271 500
271 599
271 612
271 624
271 674
271 690
271 700
271 767
271 890
271 898
271 912
271 962
271 971
272 288
272 291
272 355
272 359
272 360
272 372
272 459
272 474
272 516
272 573
272 629
272 631
272 697
272 921
273 312
273 340
273 353
273 365
273 435
273 501
273 550
273 658
273 672
273 792
273 852
273 898
273 923
274 298
274 374
274 646
274 656
274 675
274 838
274 929
274 940
274 964
274 966
274 982
275 288
275 319
275 353
275 355
275 413
275 436
275 464
275 476
275 477
275 483
275 500
275 564
275 617
275 647
275 663
275 670
275 704
275 741
275 810
275 886
276 289
276 293
276 336
276 478
276 569
276 612
276 643
276 644
276 645
276 652
276 675
276 694
276 712
276 715
276 716
276 812
276 906
276 917
276 923
276 955
276 964
277 288
277 295
277 313
277 329
277 384
277 385
277 386
277 431
277 447
277 454
277 464
277 477
277 501
277 526
277 551
277 575
277 608
277 622
277 652
277 660
277 668
277 675
277 684
277 695
277 733
277 761
277 809
277 840
277 865
277 869
277 870
277 871
277 899
277 904
277 935
277 949
277 966
277 981
277 983
277 997
278 526
278 540
278 548
278 600
278 609
278 622
278 703
278 727
278 746
278 791
279 354
279 375
279 381
279 409
279 415
279 432
279 440
279 443
279 484
279 496
279 573
279 574
279 596
279 620
279 647
279 749
279 827
279 832
279 833
279 845
279 985
279 994
280 360
280 361
280 387
280 394
280 417
280 436
280 555
280 585
280 623
280 715
280 825
280 860
280 895
280 904
280 978
281 284
281 309
281 349
281 412
281 440
281 577
281 621
281 634
281 678
281 767
281 798
281 830
281 955
282 341
282 499
282 500
282 506
282 563
282 608
282 621
282 622
282 632
282 796
282 840
282 933
282 947
282 999
283 289
283 319
283 323
283 409
283 469
283 516
283 532
283 573
283 577
283 660
283 661
283 874
284 390
284 470
284 476
284 482
284 495
284 496
284 497
284 551
284 566
284 614
284 635
284 739
284 866
284 905
284 906
284 997
285 334
285 349
285 410
285 448
285 455
285 466
285 650
285 687
285 734
285 762
285 862
285 884
285 923
285 938
285 993
286 444
286 477
286 491
286 569
286 671
286 673
286 701
286 711
286 794
286 795
286 812
286 836
286 887
286 923
286 926
286 997
287 301
287 310
287 313
287 366
287 376
287 425
287 429
287 471
287 474
287 475
287 503
287 505
287 521
287 560
287 565
287 604
287 612
287 617
287 644
287 646
287 659
287 661
287 664
287 685
287 712
287 724
287 746
287 759
287 815
287 823
287 838
287 867
287 868
287 879
287 882
287 922
287 949
287 991
288 293
288 296
288 332
288 354
288 420
288 426
288 429
288 478
288 479
288 508
288 565
288 596
288 645
288 651
288 656
288 659
288 838
288 845
288 874
288 896
288 945
288 949
288 971
288 987
289 298
289 342
289 346
289 401
289 419
289 425
289 436
289 480
289 481
289 492
289 563
289 567
289 576
289 596
289 611
289 640
289 663
289 673
289 693
289 739
289 747
289 752
289 756
289 762
289 787
289 803
289 892
289 900
289 906
289 910
289 929
289 959
289 973
289 975
289 997
290 308
290 391
290 429
290 468
290 472
290 521
290 594
290 680
290 757
290 830
290 878
290 902
290 922
290 940
290 973
291 296
291 356
291 384
291 408
291 419
291 431
291 434
291 450
291 504
291 508
291 566
291 612
291 627
291 636
291 663
291 672
291 847
291 868
291 937
291 947
292 302
292 308
292 364
292 491
292 533
292 534
292 555
292 627
292 856
292 878
292 891
292 905
292 918
292 997
293 348
293 363
293 373
293 450
293 475
293 505
293 539
293 582
293 589
293 594
293 617
293 634
293 655
293 664
293 708
293 777
293 786
293 860
293 872
293 918
293 985
294 444
294 451
294 484
294 510
294 519
294 536
294 579
294 596
294 786
294 829
294 879
294 904
294 949
294 996
295 351
295 419
295 428
295 435
295 443
295 446
295 478
295 677
295 762
295 800
295 862
296 302
296 315
296 441
296 471
296 474
296 499
296 522
296 554
296 603
296 610
296 627
296 642
296 671
296 690
296 696
296 714
296 734
296 857
296 892
296 945
296 957
296 976
297 655
297 693
297 738
297 807
297 811
297 947
298 474
298 482
298 612
298 652
298 692
298 744
298 864
298 867
299 422
299 447
299 480
299 511
299 626
299 688
299 692
299 796
299 923
299 934
300 329
300 341
300 360
300 427
300 475
300 521
300 550
300 574
300 608
300 649
300 667
300 700
300 724
300 760
300 776
300 890
300 903
300 938
301 307
301 317
301 329
301 411
301 440
301 496
301 510
301 533
301 545
301 548
301 555
301 594
301 612
301 621
301 645
301 678
301 707
301 709
301 750
301 759
301 830
301 842
301 880
302 316
302 389
302 436
302 491
302 524
302 613
302 654
302 738
302 763
302 862
302 881
302 934
302 937
302 999
303 394
303 465
303 505
303 575
303 597
303 670
303 741
303 784
303 812
303 920
303 943
304 313
304 389
304 414
304 421
304 442
304 445
304 642
304 693
304 823
304 887
305 331
305 418
305 443
305 461
305 477
305 509
305 688
305 704
305 744
305 761
305 853
305 918
305 949
305 960
306 307
306 352
306 424
306 453
306 600
306 614
306 682
306 708
306 741
306 847
306 885
306 947
306 949
306 965
307 325
307 380
307 461
307 509
307 565
307 580
307 599
307 698
307 713
307 717
307 746
307 816
307 819
307 824
307 905
307 935
308 310
308 334
308 380
308 401
308 434
308 442
308 463
308 478
308 493
308 511
308 522
308 524
308 563
308 590
308 600
308 611
308 625
308 700
308 732
308 752
308 753
308 760
308 769
308 807
308 813
308 874
308 892
309 346
309 354
309 359
309 384
309 410
309 440
309 544
309 553
309 620
309 682
309 779
309 783
309 786
309 789
309 806
309 811
309 826
309 831
309 885
309 926
310 311
310 396
310 504
310 549
310 652
310 664
310 670
310 728
310 860
310 927
310 946
311 322
311 354
311 356
311 387
311 435
311 445
311 549
311 591
311 608
311 619
311 621
311 636
311 654
311 657
311 664
311 691
311 716
311 721
311 724
311 736
311 748
311 759
311 768
311 808
311 859
311 860
311 866
311 874
311 888
311 897
311 898
311 901
312 317
312 321
312 349
312 354
312 377
312 403
312 420
312 430
312 475
312 499
312 506
312 542
312 562
312 632
312 657
312 722
312 766
312 781
312 818
312 854
312 903
312 954
313 327
313 349
313 442
313 644
313 647
313 651
313 665
313 690
313 728
313 771
313 860
313 873
313 875
313 928
313 982
314 347
314 396
314 424
314 445
314 451
314 480
314 504
314 539
314 564
314 587
314 601
314 608
314 613
314 646
314 677
314 692
314 693
314 735
314 799
314 807
314 813
314 846
314 851
314 864
314 885
314 891
314 901
314 913
314 929
314 930
314 950
315 335
315 340
315 349
315 379
315 386
315 391
315 397
315 401
315 446
315 502
315 509
315 510
315 525
315 531
315 544
315 575
315 581
315 609
315 623
315 625
315 641
315 697
315 711
315 717
315 730
315 780
315 847
315 858
315 882
315 906
315 962
315 991
316 317
316 326
316 350
316 402
316 423
316 477
316 499
316 501
316 527
316 540
316 541
316 547
316 574
316 608
316 665
316 712
316 752
316 758
316 802
316 831
316 897
316 967
316 982
317 376
317 405
317 451
317 478
317 479
317 520
317 601
317 640
317 647
317 649
317 757
317 782
317 785
317 848
317 859
317 875
317 948
317 986
318 329
318 388
318 398
318 422
318 440
318 444
318 460
318 462
318 490
318 536
318 551
318 564
318 571
318 578
318 598
318 621
318 647
318 668
318 736
318 741
318 786
318 810
318 832
318 834
318 840
318 859
318 872
318 944
318 950
319 406
319 414
319 424
319 518
319 549
319 552
319 585
319 619
319 622
319 632
319 635
319 643
319 644
319 674
319 682
319 684
319 700
319 800
319 843
319 854
319 874
319 896
319 989
319 1000
320 377
320 510
320 577
320 824
320 891
320 916
320 941
320 956
320 967
320 971
320 972
321 325
321 340
321 367
321 373
321 374
321 387
321 457
321 466
321 483
321 501
321 511
321 517
321 521
321 551
321 558
321 559
321 574
321 586
321 615
321 636
321 672
321 688
321 696
321 796
321 826
321 861
321 870
321 914
321 924
321 948
321 950
321 985
322 359
322 396
322 465
322 477
322 555
322 606
322 626
322 714
322 733
322 815
322 856
322 883
322 948
322 978
322 985
323 342
323 346
323 358
323 381
323 386
323 395
323 431
323 451
323 453
323 514
323 539
323 540
323 561
323 573
323 618
323 625
323 626
323 662
323 690
323 717
323 767
323 791
323 819
323 828
323 908
323 949
323 968
323 978
324 355
324 417
324 454
324 521
324 523
324 553
324 571
324 612
324 626
324 645
324 680
324 718
324 731
324 734
324 788
324 800
324 815
324 901
324 904
324 951
325 341
325 343
325 375
325 455
325 480
325 524
325 542
325 567
325 582
325 585
325 600
325 608
325 619
325 703
325 709
325 720
325 738
325 762
325 769
325 804
325 821
325 826
325 847
325 853
325 868
325 882
325 908
325 924
325 938
325 950
325 952
325 958
325 983
325 985
325 988
326 448
326 472
326 537
326 636
326 756
326 761
326 835
326 857
326 915
327 356
327 370
327 386
327 421
327 459
327 463
327 471
327 478
327 549
327 589
327 624
327 645
327 650
327 676
327 714
327 716
327 786
327 804
327 815
327 837
327 989
327 993
328 360
328 379
328 412
328 614
328 642
328 679
328 701
328 797
328 833
328 914
328 970
328 984
329 335
329 434
329 454
329 462
329 467
329 546
329 565
329 632
329 640
329 671
329 690
329 693
329 702
329 752
329 885
329 915
329 928
329 971
329 980
330 367
330 430
330 455
330 471
330 857
330 947
330 950
331 396
331 618
331 655
331 670
331 678
331 731
331 751
331 783
331 808
331 810
331 828
331 981
331 984
332 396
332 404
332 482
332 702
332 704
332 725
332 767
332 815
332 842
332 850
332 871
332 890
332 960
333 368
333 402
333 444
333 450
333 568
333 597
333 641
333 678
333 719
333 760
333 781
333 812
333 874
333 993
334 347
334 368
334 374
334 447
334 607
334 673
334 720
334 729
334 748
334 780
334 838
334 930
334 957
334 968
335 347
335 349
335 412
335 476
335 504
335 506
335 622
335 759
335 882
335 966
336 350
336 355
336 356
336 367
336 396
336 499
336 564
336 580
336 608
336 673
336 691
336 726
336 737
336 796
336 850
336 854
336 986
336 998
337 363
337 426
337 441
337 630
337 635
337 703
337 722
337 780
337 812
337 899
337 900
338 378
338 392
338 409
338 472
338 474
338 501
338 632
338 655
338 663
338 670
338 686
338 733
338 752
338 785
338 860
338 869
338 881
338 922
338 960
338 984
339 342
339 376
339 397
339 399
339 432
339 461
339 636
339 735
339 761
339 885
339 905
339 977
339 1000
340 345
340 354
340 357
340 362
340 363
340 371
340 374
340 504
340 510
340 572
340 602
340 627
340 649
340 670
340 678
340 679
340 680
340 692
340 720
340 730
340 744
340 765
340 793
340 838
340 845
340 863
340 900
340 974
341 355
341 365
341 380
341 410
341 419
341 445
341 461
341 531
341 536
341 600
341 651
341 683
341 734
341 751
341 756
341 759
341 760
341 793
341 804
341 806
341 815
341 828
341 875
341 876
341 900
341 994
342 378
342 451
342 469
342 504
342 548
342 574
342 590
342 626
342 760
342 810
343 444
343 445
343 475
343 491
343 501
343 583
343 600
343 617
343 823
343 888
344 440
344 451
344 602
344 655
344 706
344 719
344 721
344 796
344 898
344 899
344 905
344 992
345 409
345 429
345 431
345 471
345 745
345 746
345 778
345 801
346 400
346 418
346 507
346 614
346 672
346 718
346 727
346 739
346 744
346 745
346 767
346 786
346 880
346 941
346 949
346 971
346 982
347 353
347 361
347 362
347 365
347 372
347 380
347 388
347 404
347 407
347 434
347 441
347 472
347 482
347 484
347 485
347 529
347 532
347 570
347 647
347 668
347 670
347 689
347 690
347 698
347 765
347 788
347 821
347 828
347 837
347 869
347 887
347 896
347 907
347 908
347 945
347 960
347 965
347 977
347 986
347 993
347 996
348 358
348 453
348 479
348 491
348 513
348 549
348 602
348 659
348 721
348 731
348 739
348 838
348 857
348 942
348 948
348 984
349 356
349 370
349 458
349 468
349 469
349 474
349 480
349 485
349 487
349 592
349 631
349 636
349 675
349 740
349 743
349 797
349 801
349 803
349 809
349 833
349 836
349 858
349 918
349 966
350 404
350 445
350 487
350 499
350 509
350 533
350 578
350 591
350 696
350 713
350 731
350 761
350 773
350 886
350 897
350 921
350 982
351 376
351 380
351 438
351 445
351 489
351 592
351 650
351 721
351 746
351 747
351 790
351 848
351 922
351 948
351 956
352 412
352 482
352 519
352 530
352 574
352 583
352 587
352 617
352 707
352 709
352 762
352 764
352 888
352 950
353 360
353 411
353 412
353 444
353 445
353 469
353 522
353 524
353 614
353 865
353 867
353 879
353 922
353 942
354 380
354 383
354 487
354 575
354 679
354 715
354 764
354 809
354 817
354 862
354 924
354 928
354 953
354 983
354 988
355 719
355 767
355 806
355 987
356 363
356 368
356 377
356 396
356 415
356 420
356 435
356 445
356 481
356 499
356 591
356 602
356 630
356 638
356 657
356 660
356 673
356 729
356 740
356 744
356 759
356 760
356 769
356 838
356 935
356 942
356 943
356 977
356 982
356 989
356 992
356 995
356 997
357 461
357 500
357 503
357 616
357 623
357 652
357 655
357 707
357 909
357 950
358 368
358 416
358 431
358 455
358 469
358 477
358 514
358 593
358 635
358 655
358 672
358 719
358 746
358 767
358 785
358 828
358 878
358 882
358 918
359 394
359 401
359 440
359 455
359 456
359 465
359 552
359 565
359 582
359 584
359 629
359 642
359 645
359 665
359 681
359 685
359 711
359 729
359 731
359 735
359 744
359 748
359 756
359 788
359 810
359 830
359 845
359 851
359 870
359 926
359 953
359 975
359 987
360 445
360 485
360 600
360 656
360 672
360 678
360 724
360 773
360 833
360 870
360 909
360 918
361 396
361 414
361 493
361 527
361 614
361 634
361 929
361 930
361 943
361 966
362 410
362 438
362 550
362 556
362 608
362 621
362 647
362 750
362 756
362 780
362 786
362 850
363 522
363 534
363 542
363 550
363 579
363 581
363 585
363 592
363 630
363 653
363 672
363 679
363 703
363 739
363 821
363 867
363 897
363 946
363 955
363 956
364 485
364 489
364 491
364 500
364 517
364 530
364 608
364 616
364 636
364 727
364 730
364 769
364 782
364 860
364 861
364 913
364 943
364 982
365 432
365 477
365 602
365 608
365 626
365 632
365 672
365 679
365 734
365 740
365 769
365 819
365 823
365 827
365 861
365 890
365 928
365 947
365 970
365 990
366 372
366 415
366 417
366 455
366 486
366 577
366 737
367 368
367 387
367 417
367 471
367 477
367 536
367 582
367 684
367 701
367 721
367 726
367 731
367 808
367 826
367 852
367 923
367 949
367 987
368 370
368 540
368 546
368 564
368 603
368 605
368 625
368 696
368 698
368 781
368 800
368 813
368 833
368 834
368 840
368 851
368 855
368 891
368 897
368 900
368 919
368 937
368 939
368 951
368 979
369 396
369 398
369 628
369 632
369 688
369 716
369 728
369 746
369 949
369 993
370 376
370 378
370 381
370 452
370 483
370 522
370 524
370 534
370 553
370 592
370 599
370 608
370 630
370 655
370 658
370 700
370 703
370 769
370 813
370 821
370 860
370 867
370 917
370 944
370 945
370 968
371 385
371 448
371 479
371 503
371 521
371 577
371 603
371 666
371 700
371 759
371 760
371 891
371 925
372 481
372 482
372 608
372 666
372 685
372 690
372 854
372 868
372 892
372 937
372 962
372 982
373 412
373 434
373 522
373 635
373 752
373 815
373 848
373 872
373 888
373 896
373 901
373 971
374 438
374 461
374 469
374 479
374 650
374 653
374 659
374 662
374 713
374 719
374 740
374 868
374 870
374 899
374 949
374 963
374 993
375 398
375 521
375 574
375 600
375 690
375 745
375 776
375 890
375 995
376 384
376 469
376 549
376 561
376 618
376 628
376 651
376 851
376 895
376 905
377 402
377 433
377 549
377 735
377 781
377 785
377 944
377 970
378 448
378 461
378 704
378 865
378 929
378 978
379 472
379 483
379 597
379 627
379 628
379 646
379 724
379 741
379 792
379 804
379 828
379 931
380 388
380 395
380 417
380 442
380 579
380 583
380 607
380 645
380 650
380 674
380 682
380 717
380 721
380 722
380 810
380 820
380 840
380 878
380 887
380 958
380 966
380 973
381 397
381 431
381 447
381 505
381 599
381 636
381 639
381 681
381 721
381 728
381 737
381 753
381 819
381 867
381 877
381 902
381 903
381 908
381 933
382 386
382 577
382 600
382 604
382 612
382 661
382 677
382 679
382 727
383 406
383 439
383 450
383 456
383 484
383 516
383 531
383 558
383 593
383 650
383 665
383 673
383 704
383 727
383 799
383 813
383 854
383 901
383 933
383 999
383 1000
384 471
384 474
384 499
384 516
384 614
384 705
384 709
384 719
384 748
384 781
384 786
384 949
384 950
385 450
385 499
385 567
385 613
385 690
385 867
385 902
385 938
385 954
385 958
386 396
386 684
386 728
386 764
386 777
386 830
386 890
386 901
386 944
387 395
387 468
387 469
387 642
387 660
387 679
387 728
387 833
387 840
387 869
387 897
388 426
388 487
388 512
388 548
388 572
388 574
388 678
388 774
388 830
388 850
388 905
388 969
388 983
388 999
389 603
389 659
389 777
389 780
389 902
389 938
389 980
390 407
390 534
390 538
390 566
390 604
390 647
390 666
390 673
390 679
390 695
390 786
390 793
390 851
390 882
390 924
390 941
391 524
391 525
391 610
391 629
391 742
391 786
391 807
391 898
391 906
392 450
392 471
392 515
392 553
392 644
392 651
392 827
392 863
392 872
392 898
392 977
393 394
393 410
393 440
393 445
393 478
393 611
393 654
393 658
393 680
393 689
393 756
393 828
393 899
393 914
393 974
394 426
394 442
394 449
394 553
394 700
394 715
394 776
394 788
394 813
394 870
394 872
394 956
395 404
395 445
395 455
395 497
395 510
395 527
395 536
395 575
395 595
395 600
395 724
395 741
395 776
395 799
395 836
395 860
395 871
395 889
395 898
395 939
395 961
395 995
396 408
396 409
396 414
396 428
396 445
396 448
396 455
396 456
396 485
396 487
396 491
396 499
396 537
396 548
396 572
396 594
396 618
396 629
396 655
396 664
396 682
396 707
396 716
396 733
396 759
396 760
396 767
396 769
396 771
396 788
396 826
396 843
396 875
396 879
396 909
396 947
396 956
396 986
396 989
396 990
397 445
397 474
397 478
397 486
397 575
397 588
397 594
397 621
397 622
397 634
397 726
397 734
397 777
397 785
397 932
397 943
397 946
397 949
397 979
398 445
398 474
398 480
398 511
398 562
398 579
398 602
398 697
398 719
398 841
398 882
398 897
398 921
399 496
399 532
399 609
399 620
399 634
399 659
399 661
399 708
399 815
399 816
399 824
399 878
399 891
399 956
399 958
400 407
400 499
400 504
400 563
400 596
400 604
400 638
400 645
400 744
400 775
400 816
400 928
400 975
400 993
401 411
401 515
401 570
401 574
401 584
401 603
401 614
401 644
401 672
401 753
401 794
401 798
402 416
402 440
402 471
402 501
402 503
402 520
402 574
402 599
402 603
402 608
402 646
402 658
402 683
402 690
402 815
402 827
402 902
402 924
403 418
403 430
403 440
403 513
403 619
403 626
403 640
403 653
403 682
403 901
403 925
403 949
403 956
404 470
404 485
404 502
404 508
404 517
404 527
404 531
404 631
404 641
404 645
404 650
404 658
404 678
404 682
404 704
404 717
404 741
404 749
404 803
404 847
404 858
404 867
404 884
404 957
404 970
404 972
404 989
405 440
405 466
405 483
405 573
405 628
405 633
405 661
405 694
405 751
405 795
405 815
405 875
405 890
405 893
405 956
406 460
406 522
406 533
406 561
406 626
406 630
406 668
406 677
406 687
406 720
406 765
406 778
406 828
406 846
406 872
406 892
406 897
406 911
406 929
406 935
406 936
406 945
406 977
407 411
407 427
407 431
407 501
407 530
407 542
407 546
407 581
407 603
407 684
407 693
407 703
407 788
407 800
407 802
407 860
407 885
407 927
407 932
407 936
407 955
407 987
407 996
407 998
408 434
408 576
408 620
408 713
408 741
408 757
408 787
408 836
408 891
408 941
408 995
409 428
409 435
409 482
409 489
409 527
409 534
409 592
409 601
409 632
409 689
409 697
409 720
409 744
409 757
409 808
409 809
409 830
409 870
409 871
409 879
409 883
409 897
409 960
410 430
410 437
410 495
410 503
410 552
410 557
410 562
410 665
410 713
410 774
410 787
410 792
410 796
410 822
410 835
410 836
410 842
410 884
410 897
410 922
410 983
411 417
411 563
411 993
412 482
412 494
412 524
412 546
412 547
412 580
412 595
412 608
412 619
412 642
412 643
412 681
412 718
412 725
412 742
412 744
412 757
412 760
412 780
412 791
412 801
412 837
412 892
412 908
412 921
412 929
412 950
412 960
412 966
413 425
413 444
413 502
413 504
413 534
413 541
413 605
413 617
413 622
413 630
413 650
413 652
413 791
413 804
413 861
413 912
413 945
414 427
414 433
414 440
414 523
414 650
414 684
414 704
414 714
414 747
414 750
414 797
414 822
414 823
414 859
414 867
414 888
414 906
414 920
414 935
414 946
414 972
414 982
415 453
415 546
415 575
415 632
415 645
415 668
415 674
415 726
415 727
415 757
415 887
415 971
415 983
416 469
416 721
416 729
416 745
416 771
416 851
416 905
416 906
417 468
417 485
417 500
417 509
417 516
417 574
417 602
417 616
417 628
417 660
417 679
417 733
417 755
417 783
417 830
417 845
417 854
418 439
418 472
418 532
418 563
418 626
418 628
418 652
418 661
418 671
418 758
418 815
418 922
418 944
418 946
418 956
418 993
418 995
419 442
419 443
419 475
419 480
419 546
419 561
419 567
419 614
419 646
419 709
419 746
419 751
419 813
419 814
419 827
419 899
419 905
419 979
419 989
420 440
420 489
420 499
420 521
420 549
420 659
420 665
420 680
420 703
420 715
420 797
420 854
420 926
420 943
421 434
421 496
421 568
421 578
421 652
421 657
421 722
421 791
421 953
421 966
422 487
422 870
422 888
422 915
422 940
423 425
423 444
423 474
423 477
423 582
423 584
423 614
423 683
423 712
423 721
423 829
423 841
423 856
423 875
423 882
423 944
423 983
424 560
424 582
424 625
424 689
424 767
424 781
424 822
424 846
424 858
424 977
425 436
425 466
425 486
425 505
425 658
425 682
425 735
425 801
425 855
425 949
426 434
426 444
426 483
426 486
426 492
426 511
426 536
426 602
426 653
426 666
426 682
426 704
426 757
426 843
426 869
426 918
426 923
426 971
426 987
427 464
427 505
427 514
427 550
427 558
427 693
427 704
427 731
427 764
427 812
427 863
427 897
427 933
428 443
428 469
428 477
428 629
428 641
428 646
428 693
428 727
428 728
428 759
428 855
428 864
428 870
428 904
428 918
428 942
428 978
429 440
429 448
429 489
429 636
429 688
429 737
429 746
429 845
429 956
429 978
430 504
430 519
430 610
430 657
430 839
430 925
430 963
431 433
431 456
431 471
431 478
431 483
431 558
431 679
431 704
431 707
431 711
431 747
431 802
431 825
431 904
431 931
432 448
432 484
432 530
432 601
432 650
432 691
432 767
432 802
432 892
432 916
432 965
432 989
433 711
433 830
433 970
434 435
434 506
434 548
434 568
434 672
434 685
434 728
434 771
434 783
434 842
434 876
434 926
434 948
434 953
434 956
435 524
435 540
435 618
435 668
435 799
435 812
435 882
435 897
435 952
435 957
436 456
436 602
436 686
436 790
436 862
436 863
436 955
436 959
437 466
437 472
437 554
437 639
437 788
437 815
437 925
437 929
437 944
437 947
437 972
438 442
438 471
438 523
438 538
438 555
438 587
438 667
438 675
438 696
438 723
438 759
438 856
438 949
439 555
439 633
439 651
439 768
439 804
439 818
439 827
439 888
439 979
440 448
440 468
440 489
440 559
440 564
440 568
440 597
440 612
440 636
440 670
440 682
440 698
440 746
440 811
440 842
440 872
440 900
440 907
440 925
440 926
440 927
440 960
441 445
441 447
441 469
441 687
441 692
441 704
441 722
441 731
441 751
441 848
441 910
441 942
441 999
442 455
442 491
442 504
442 512
442 549
442 559
442 633
442 762
442 843
442 907
442 925
442 933
442 940
442 983
442 985
443 649
443 899
443 969
444 461
444 465
444 557
444 594
444 612
444 616
444 617
444 620
444 678
444 692
444 712
444 746
444 755
444 786
444 802
444 810
444 829
444 853
444 863
444 905
444 910
444 931
444 949
444 991
445 456
445 494
445 497
445 499
445 528
445 600
445 649
445 652
445 678
445 679
445 690
445 691
445 704
445 711
445 716
445 739
445 751
445 760
445 761
445 769
445 775
445 797
445 808
445 813
445 845
445 850
445 860
445 866
445 881
445 918
445 921
445 938
445 949
445 952
445 959
445 982
446 465
446 469
446 472
446 588
446 605
446 621
446 626
446 690
446 728
446 748
446 792
446 848
446 854
446 884
446 904
446 914
446 964
446 969
447 490
447 511
447 520
447 523
447 576
447 589
447 600
447 709
447 728
447 739
447 765
447 778
447 797
447 810
447 850
447 858
447 880
447 937
447 957
447 965
448 482
448 504
448 525
448 546
448 560
448 641
448 649
448 682
448 691
448 694
448 741
448 806
448 819
448 873
448 917
448 924
448 945
448 966
449 455
449 487
449 502
449 504
449 625
449 703
449 828
449 864
449 970
450 474
450 478
450 488
450 529
450 534
450 535
450 541
450 554
450 568
450 582
450 618
450 641
450 652
450 657
450 683
450 692
450 696
450 697
450 717
450 780
450 830
450 846
450 858
450 867
450 885
450 886
450 894
450 908
450 919
450 959
450 996
450 999
451 469
451 472
451 582
451 644
451 796
451 815
451 826
451 878
451 916
452 472
452 555
452 565
452 566
452 700
452 701
452 711
452 880
452 887
452 914
452 921
452 929
452 994
453 515
453 578
453 610
453 652
453 863
453 871
453 876
453 933
453 936
454 506
454 582
454 626
454 652
454 658
454 676
454 715
454 762
454 840
454 906
454 914
454 963
455 470
455 483
455 504
455 575
455 600
455 652
455 654
455 664
455 667
455 679
455 731
455 732
455 751
455 795
455 815
455 834
455 849
455 855
455 900
455 933
455 951
455 974
455 988
456 548
456 650
456 658
456 759
456 904
456 908
457 462
457 465
457 499
457 514
457 713
457 776
457 806
457 812
457 825
457 841
457 860
457 888
457 923
458 508
458 772
458 862
458 942
459 541
459 617
459 646
459 692
459 811
459 872
459 942
459 943
459 947
460 470
460 516
460 580
460 601
460 685
460 696
460 727
460 830
460 871
460 877
461 487
461 492
461 565
461 595
461 662
461 675
461 731
461 737
461 744
461 749
461 814
461 838
461 842
461 927
462 472
462 496
462 512
462 531
462 558
462 636
462 692
462 709
463 728
463 807
463 821
463 893
463 923
463 926
464 571
464 576
464 610
464 650
464 656
464 721
464 742
464 901
464 924
464 943
465 468
465 574
465 576
465 582
465 675
465 677
465 784
465 832
465 958
466 472
466 485
466 504
466 511
466 592
466 600
466 655
466 710
466 713
466 815
466 818
466 837
467 478
467 483
467 501
467 511
467 548
467 623
467 636
467 651
467 696
467 705
467 709
467 728
467 802
467 963
467 971
468 549
468 561
468 587
468 589
468 632
468 658
468 739
468 745
468 758
468 763
468 786
468 797
468 801
468 810
468 848
468 870
468 924
468 944
468 957
468 979
469 474
469 481
469 498
469 499
469 500
469 539
469 560
469 562
469 563
469 631
469 634
469 648
469 675
469 695
469 717
469 741
469 755
469 804
469 940
469 945
469 950
470 472
470 477
470 567
470 600
470 660
470 684
470 707
470 726
470 731
470 757
470 794
470 879
470 934
471 614
471 685
471 686
471 718
471 737
471 820
471 849
471 937
471 989
471 996
472 564
472 613
472 697
472 719
472 730
472 748
472 806
472 815
472 816
472 841
472 861
472 893
472 922
472 970
473 484
473 491
473 576
473 582
473 636
473 646
473 708
473 915
473 947
474 501
474 511
474 519
474 540
474 614
474 619
474 623
474 652
474 672
474 687
474 748
474 786
474 796
474 837
474 847
474 864
474 878
474 895
474 903
474 924
474 949
474 950
474 960
474 979
474 982
475 531
475 549
475 669
475 698
475 711
475 744
475 776
475 781
475 786
475 918
476 504
476 529
476 531
476 569
476 594
476 608
476 613
476 614
476 771
476 792
476 860
476 890
476 971
477 479
477 488
477 543
477 555
477 558
477 573
477 600
477 611
477 628
477 680
477 690
477 728
477 771
477 779
477 796
477 808
477 832
477 849
477 879
477 898
477 941
477 947
477 953
477 963
478 491
478 502
478 521
478 527
478 536
478 551
478 575
478 578
478 587
478 608
478 626
478 629
478 763
478 764
478 785
478 848
478 878
478 888
478 914
478 921
478 931
478 957
478 961
478 968
478 986
479 491
479 531
479 584
479 632
479 634
479 643
479 677
479 690
479 747
479 757
479 769
479 782
479 837
479 945
480 494
480 506
480 547
480 558
480 596
480 597
480 616
480 624
480 635
480 652
480 705
480 731
480 776
480 793
480 821
480 838
480 858
480 879
480 913
480 927
480 941
480 960
480 971
480 1000
481 499
481 501
481 721
481 775
481 885
481 991
482 577
482 617
482 630
482 651
482 659
482 662
482 726
482 741
482 767
482 788
482 792
482 848
482 869
482 899
482 901
482 942
482 951
482 972
483 493
483 496
483 540
483 555
483 558
483 588
483 594
483 612
483 652
483 668
483 703
483 797
483 818
483 914
483 975
484 575
484 581
484 633
484 680
484 729
484 771
484 772
484 918
484 960
484 989
484 993
484 996
485 490
485 492
485 534
485 596
485 665
485 709
485 786
485 793
485 836
485 855
485 903
485 918
485 925
485 949
485 953
485 980
486 489
486 538
486 549
486 557
486 692
486 742
486 748
486 758
486 963
487 533
487 582
487 626
487 678
487 684
487 692
487 713
487 728
487 741
487 744
487 804
487 828
487 860
487 881
487 883
487 906
487 924
487 941
488 620
488 645
488 657
488 700
488 712
488 734
488 955
488 963
489 504
489 598
489 647
489 654
489 810
489 906
489 978
490 504
490 547
490 582
490 628
490 665
490 688
490 692
490 775
490 784
490 890
490 903
491 510
491 522
491 555
491 648
491 745
491 750
491 784
491 797
491 827
491 835
491 901
491 955
492 509
492 647
492 704
492 711
492 747
492 814
492 830
492 860
492 895
493 504
493 540
493 556
493 647
493 775
493 943
493 982
493 988
494 496
494 581
494 586
494 591
494 781
494 801
494 918
494 929
495 550
495 627
495 628
495 659
495 673
495 725
495 854
495 932
495 994
496 499
496 503
496 546
496 550
496 561
496 612
496 683
496 709
496 744
496 748
496 751
496 753
496 796
496 804
496 813
496 857
496 883
496 913
496 985
496 993
497 693
497 699
497 701
497 727
497 742
497 780
497 838
497 901
497 949
498 540
498 582
498 617
498 701
498 703
498 748
498 778
498 925
499 500
499 530
499 622
499 640
499 751
499 770
499 852
499 897
499 932
500 614
500 656
500 732
500 786
500 829
500 872
500 882
500 910
500 947
500 949
500 993
501 551
501 566
501 590
501 591
501 621
501 632
501 633
501 664
501 683
501 685
501 689
501 698
501 704
501 722
501 726
501 728
501 731
501 757
501 870
501 885
501 921
501 986
502 563
502 576
502 619
502 641
502 704
502 707
502 716
502 720
502 731
502 738
502 802
502 810
502 980
503 591
503 612
503 707
503 719
503 722
503 729
503 735
503 780
503 883
503 942
503 951
503 952
503 968
504 521
504 596
504 612
504 619
504 622
504 637
504 644
504 671
504 726
504 737
504 780
504 799
504 838
504 863
504 866
504 875
504 877
504 889
504 979
505 559
505 576
505 577
505 670
505 870
505 893
505 934
505 948
505 953
506 545
506 546
506 605
506 706
506 742
506 745
506 773
506 900
506 1000
507 628
507 668
507 776
507 781
507 905
507 950
507 956
508 551
508 590
508 704
508 774
508 814
508 815
508 897
508 911
508 953
509 596
509 691
509 787
509 794
509 813
509 910
509 916
510 528
510 558
510 574
510 611
510 622
510 628
510 704
510 771
510 782
510 805
510 882
510 932
510 995
511 530
511 531
511 591
511 602
511 620
511 624
511 635
511 677
511 679
511 713
511 723
511 727
511 785
511 791
511 797
511 827
511 829
511 852
511 888
511 899
511 924
511 947
511 989
512 631
512 634
512 679
512 683
512 688
512 701
512 702
512 712
512 713
512 724
512 735
512 756
512 789
512 791
512 865
512 919
512 982
512 994
513 638
513 655
513 668
513 727
513 741
513 802
513 817
513 943
513 946
513 964
513 968
513 991
514 545
514 574
514 603
514 606
514 634
514 695
514 699
514 733
514 743
514 767
514 838
514 852
514 882
514 959
514 995
515 650
515 660
515 679
515 684
515 761
515 852
515 996
516 546
516 578
516 588
516 592
516 616
516 617
516 636
516 666
516 677
516 728
516 757
516 842
516 881
516 894
516 908
516 937
516 988
516 994
516 998
517 538
517 543
517 573
517 646
517 741
517 891
517 920
517 943
517 971
517 980
518 576
518 614
518 653
518 664
518 670
518 680
518 681
518 737
518 958
518 993
519 522
519 545
519 559
519 640
519 884
519 942
519 958
520 576
520 608
520 632
520 645
520 757
520 806
520 839
520 860
520 935
520 986
521 547
521 572
521 639
521 645
521 679
521 767
521 947
522 534
522 561
522 575
522 576
522 581
522 632
522 702
522 737
522 785
522 796
522 820
522 885
522 889
522 901
522 933
522 956
522 967
522 981
522 987
523 548
523 608
523 781
523 833
523 949
524 566
524 583
524 584
524 659
524 708
524 739
524 762
524 811
524 832
524 897
524 943
524 989
525 597
525 608
525 614
525 703
525 726
525 760
525 919
525 949
525 966
526 541
526 546
526 580
526 618
526 658
526 679
526 792
526 802
526 925
526 975
527 599
527 734
527 870
527 877
527 951
527 966
527 980
528 533
528 562
528 583
528 670
528 687
528 688
528 700
528 776
529 566
529 590
529 637
529 658
529 684
529 731
529 739
529 748
529 781
529 892
529 897
529 971
529 982
530 602
530 612
530 630
530 632
530 646
530 722
530 726
530 756
530 785
530 789
530 840
530 883
530 902
530 971
531 562
531 563
531 602
531 683
531 717
531 746
531 750
531 759
531 763
531 810
531 820
531 826
531 871
531 889
531 904
531 905
531 979
531 993
532 562
532 576
532 650
532 677
532 771
532 903
532 914
533 568
533 602
533 614
533 669
533 678
533 687
533 719
533 783
533 820
533 839
533 859
533 901
533 912
533 922
534 538
534 550
534 578
534 585
534 609
534 620
534 669
534 673
534 678
534 681
534 701
534 724
534 739
534 757
534 767
534 830
534 880
534 938
534 972
534 976
534 998
535 592
535 612
535 660
535 671
535 713
535 801
535 860
535 878
535 927
536 556
536 563
536 580
536 607
536 633
536 641
536 647
536 679
536 685
536 688
536 709
536 758
536 778
536 804
536 891
536 942
537 558
537 654
537 659
537 781
537 888
537 932
537 951
537 992
538 577
538 591
538 602
538 614
538 618
538 622
538 645
538 711
538 736
538 745
538 831
538 889
538 890
538 895
538 898
538 963
538 1000
539 559
539 621
539 634
539 733
539 741
539 855
540 546
540 603
540 643
540 661
540 694
540 727
540 804
540 815
540 920
540 939
540 950
541 572
541 580
541 627
541 655
541 721
541 769
541 771
541 787
541 793
541 840
541 865
541 872
541 938
541 962
541 970
541 991
542 616
542 726
542 826
542 923
542 958
543 623
543 830
543 922
543 959
544 565
544 569
544 621
544 641
544 669
544 672
544 812
544 825
544 835
544 892
544 913
544 931
544 982
545 585
545 614
545 631
545 813
545 893
545 932
546 587
546 604
546 635
546 667
546 689
546 714
546 747
546 754
546 767
546 781
546 823
546 826
546 853
546 866
546 970
547 620
547 682
547 716
547 728
547 773
547 804
547 830
547 878
547 904
547 906
547 982
548 553
548 565
548 572
548 589
548 628
548 655
548 675
548 682
548 736
548 748
548 775
548 784
548 801
548 805
548 813
548 830
548 842
548 854
548 884
548 885
548 926
548 948
548 958
549 602
549 645
549 649
549 675
549 754
549 769
549 902
549 937
549 999
550 592
550 595
550 608
550 698
550 745
550 782
550 812
550 815
550 881
550 911
550 929
550 941
550 951
550 974
551 587
551 679
551 734
551 758
551 792
551 958
551 1000
552 602
552 620
552 679
552 737
552 788
552 841
552 888
552 889
552 977
552 982
553 569
553 576
553 585
553 590
553 612
553 646
553 673
553 704
553 712
553 730
553 796
553 830
553 842
553 845
553 891
553 926
553 934
553 939
554 560
554 600
554 601
554 714
554 742
554 776
554 813
554 815
554 823
554 854
554 903
554 908
554 968
555 577
555 709
555 815
555 907
555 923
556 591
556 622
556 659
556 666
556 722
556 735
556 747
556 761
556 786
556 815
556 826
556 950
556 980
557 558
557 625
557 666
557 719
557 752
557 861
557 899
557 942
558 562
558 575
558 584
558 604
558 642
558 648
558 673
558 697
558 747
558 764
558 770
558 801
558 901
558 920
558 982
559 617
559 706
559 733
559 757
559 758
559 806
559 823
559 874
559 880
559 909
559 960
559 970
560 576
560 606
560 614
560 623
560 629
560 670
560 687
560 689
560 747
560 764
560 782
560 808
560 812
560 813
560 815
560 822
560 997
561 653
561 707
561 815
561 899
561 906
562 577
562 594
562 605
562 666
562 668
562 679
562 682
562 700
562 704
562 751
562 761
562 771
562 791
562 833
562 897
562 909
562 925
562 927
562 945
562 947
562 991
562 996
563 621
563 646
563 671
563 730
563 735
563 801
563 807
563 811
563 825
563 843
563 846
563 906
563 944
563 971
563 973
563 995
564 597
564 621
564 655
564 752
564 767
564 813
564 904
564 910
565 617
565 712
565 718
565 757
565 826
565 848
565 918
565 980
566 582
566 589
566 596
566 623
566 660
566 690
566 702
566 719
566 733
566 737
566 878
566 913
566 932
566 933
566 934
567 574
567 578
567 711
567 732
567 753
567 793
567 821
567 881
568 628
568 741
568 742
568 753
568 780
568 820
568 830
568 892
568 925
569 635
569 783
569 822
569 852
569 854
569 860
569 912
569 918
569 938
569 974
569 977
569 980
570 654
570 707
570 759
570 825
570 860
570 886
571 579
571 611
571 697
571 726
571 813
571 947
571 982
572 608
572 684
572 739
572 744
572 766
572 793
572 891
572 902
572 917
572 931
573 610
573 674
573 703
573 711
573 726
573 767
573 855
573 905
573 910
573 912
573 947
573 997
574 609
574 639
574 686
574 687
574 729
574 747
574 749
574 754
574 765
574 777
574 799
574 800
574 825
574 834
574 844
574 874
574 918
574 943
574 979
574 999
575 576
575 586
575 650
575 701
575 704
575 713
575 737
575 820
575 829
575 830
575 858
575 907
575 920
575 948
575 977
575 985
576 601
576 632
576 648
576 657
576 660
576 670
576 676
576 679
576 702
576 758
576 766
576 800
576 830
576 836
576 850
576 884
576 942
576 954
576 958
576 963
576 964
576 967
576 982
576 989
577 585
577 630
577 638
577 651
577 657
577 660
577 682
577 731
577 738
577 761
577 802
577 832
577 845
577 848
577 864
577 882
577 901
577 909
577 931
577 958
577 982
578 614
578 653
578 687
578 707
578 769
578 770
578 952
578 970
579 586
579 651
579 736
579 744
579 769
579 882
579 898
579 903
579 918
580 624
580 649
580 658
580 661
580 743
580 766
580 770
580 773
580 840
580 862
580 892
580 905
580 912
580 925
580 956
580 979
581 626
581 704
581 750
581 839
581 868
581 962
582 586
582 590
582 635
582 669
582 679
582 716
582 737
582 751
582 781
582 791
582 849
582 858
582 864
582 896
582 897
582 898
582 905
582 911
582 965
582 971
582 977
582 994
582 998
583 640
583 652
583 704
583 727
583 813
583 872
583 911
583 943
583 947
583 960
583 963
583 972
584 672
584 719
584 788
584 870
584 879
584 894
584 897
584 901
584 912
585 641
585 714
585 797
585 819
585 830
585 849
585 856
585 910
585 982
586 593
586 624
586 634
586 656
586 701
586 726
586 759
586 779
586 840
586 938
586 952
587 596
587 689
587 690
587 692
587 698
587 705
587 715
587 723
587 777
587 786
587 845
587 886
587 922
587 970
588 682
588 695
588 711
588 786
588 824
588 848
588 852
588 867
588 874
588 885
588 904
588 923
588 992
589 642
589 710
589 966
589 995
590 751
590 764
590 811
590 812
590 831
590 885
590 896
590 924
590 929
590 935
590 991
591 612
591 621
591 662
591 686
591 711
591 741
591 759
591 868
591 887
591 889
591 897
591 901
591 906
591 919
591 920
591 935
591 936
591 974
592 600
592 622
592 648
592 649
592 654
592 676
592 707
592 713
592 801
592 835
592 847
592 881
592 951
593 763
593 786
593 823
593 828
593 834
594 599
594 614
594 640
594 654
594 713
594 729
594 733
594 750
594 780
594 800
594 839
594 877
594 879
594 888
594 901
594 963
594 973
595 626
595 636
595 707
595 767
595 884
595 891
595 932
595 958
596 622
596 632
596 671
596 674
596 678
596 688
596 724
596 731
596 789
596 809
596 837
596 982
597 670
597 732
597 777
597 782
597 833
597 885
597 969
598 620
598 715
598 718
598 721
598 731
598 741
598 757
598 972
598 982
599 607
599 620
599 624
599 651
599 678
599 757
599 767
599 910
599 948
599 991
600 605
600 607
600 653
600 684
600 713
600 722
600 748
600 770
600 772
600 793
600 801
600 812
600 820
600 833
600 862
600 864
600 887
600 899
600 906
600 913
600 918
600 970
600 984
601 649
601 662
601 678
601 708
601 739
601 751
601 830
601 841
601 860
601 952
601 958
601 993
602 688
602 700
602 707
602 725
602 729
602 756
602 758
602 768
602 821
602 828
603 617
603 668
603 671
603 678
603 697
603 704
603 707
603 751
603 754
603 789
603 796
603 802
603 804
603 810
603 814
603 820
603 933
603 938
603 939
603 942
603 955
603 972
603 973
603 975
604 661
604 689
604 703
604 765
604 776
604 781
604 788
604 869
604 876
604 911
604 915
604 935
604 954
604 1000
605 625
605 728
605 758
605 774
605 804
605 860
605 880
605 901
605 940
605 991
606 626
606 651
606 661
606 746
606 920
606 953
607 689
607 802
607 877
607 929
608 684
608 707
608 714
608 718
608 719
608 750
608 752
608 786
608 798
608 800
608 822
608 845
608 860
608 877
608 890
608 900
608 992
608 994
609 612
609 628
609 657
609 678
609 687
609 701
609 722
609 746
609 754
609 766
609 843
609 905
609 917
609 922
609 929
609 971
609 998
610 616
610 684
610 700
610 842
610 916
611 646
611 650
611 711
611 715
611 733
611 737
611 757
611 839
611 849
611 892
611 924
611 945
611 962
611 978
612 631
612 675
612 693
612 709
612 740
612 749
612 799
612 814
612 870
612 884
612 889
612 901
612 915
612 989
612 993
613 639
613 713
613 719
613 822
613 868
613 883
614 654
614 658
614 703
614 708
614 709
614 724
614 727
614 732
614 748
614 754
614 777
614 786
614 814
614 850
614 853
614 862
614 879
614 921
614 935
614 941
614 949
614 978
614 981
615 637
615 650
615 660
615 664
615 705
615 800
615 845
615 864
616 617
616 701
616 703
616 798
616 913
617 625
617 652
617 655
617 794
617 796
617 833
617 840
617 868
617 894
617 901
617 922
617 938
618 643
618 667
618 683
618 739
618 762
618 784
618 812
618 826
618 844
618 897
618 923
618 945
618 980
619 624
619 659
619 692
619 767
619 948
619 984
620 681
620 712
620 778
620 782
620 783
620 806
620 839
620 848
620 851
620 883
620 966
620 973
620 983
620 996
621 662
621 712
621 724
621 727
621 759
621 813
621 831
621 850
621 858
621 867
621 880
621 904
621 949
621 964
621 967
621 985
622 681
622 744
622 764
622 807
622 810
622 825
622 827
622 872
622 925
622 966
622 993
623 685
623 713
623 765
623 870
623 880
623 976
623 999
624 631
624 669
624 682
624 707
624 723
624 740
624 746
624 774
624 910
624 943
624 959
624 967
624 996
625 630
625 654
625 675
625 691
625 900
625 942
625 963
626 628
626 632
626 641
626 643
626 653
626 689
626 712
626 732
626 790
626 814
626 833
626 844
626 865
626 897
626 920
626 930
626 940
626 948
626 982
626 990
626 994
627 632
627 650
627 710
627 747
627 785
627 842
627 850
627 863
627 870
627 884
627 954
628 650
628 651
628 654
628 672
628 684
628 712
628 718
628 725
628 762
628 767
628 802
628 809
628 847
628 884
628 958
628 979
629 650
629 679
629 704
629 706
629 737
629 751
629 808
629 859
629 865
629 992
630 639
630 749
630 781
630 916
630 990
630 991
630 999
631 644
631 703
631 779
631 781
631 867
631 976
631 996
632 686
632 687
632 694
632 734
632 747
632 774
632 777
632 837
632 881
632 902
632 922
632 931
632 938
632 950
632 993
633 657
633 684
633 834
633 835
633 922
633 945
633 997
634 682
634 763
634 767
634 861
634 912
634 950
634 962
635 640
635 647
635 658
635 759
635 894
635 947
635 970
636 641
636 720
636 739
636 771
636 783
636 805
636 860
636 861
636 925
636 926
636 935
636 993
637 786
637 836
637 899
637 932
637 942
638 643
638 660
638 670
638 721
638 767
638 783
638 980
639 713
639 730
639 741
639 743
639 775
639 777
639 781
639 886
639 889
639 890
639 903
639 908
639 989
639 991
640 643
640 703
640 707
640 733
640 817
640 839
640 901
640 903
640 934
640 950
640 958
641 647
641 759
641 781
641 815
641 890
641 908
641 920
641 956
642 655
642 665
642 666
642 727
642 750
642 767
642 823
642 870
642 905
642 951
642 993
643 670
643 689
643 731
643 770
643 833
643 921
643 925
643 933
643 939
643 973
643 995
644 659
644 758
644 874
644 914
644 962
644 985
645 651
645 748
645 842
645 881
645 892
645 924
645 958
645 986
646 661
646 690
646 811
646 815
646 821
646 838
646 846
646 857
646 882
646 883
646 924
646 961
646 967
646 977
646 998
647 651
647 666
647 681
647 682
647 683
647 688
647 735
647 740
647 782
647 786
647 788
647 832
647 841
647 878
647 892
647 894
647 929
647 977
648 730
648 814
648 868
649 650
649 715
649 728
649 729
649 801
649 956
649 977
649 995
650 658
650 669
650 703
650 711
650 758
650 781
650 783
650 788
650 812
650 821
650 852
650 855
650 935
650 939
650 960
650 971
651 681
651 689
651 690
651 705
651 729
651 764
651 771
651 793
651 899
651 916
651 922
651 935
651 960
651 972
651 974
651 981
651 994
652 731
652 737
652 790
652 831
652 860
652 871
652 904
652 984
652 994
652 1000
653 704
653 733
653 845
653 915
654 717
654 739
654 759
654 863
654 959
654 967
654 991
655 683
655 690
655 718
655 726
655 775
655 793
655 795
655 860
655 873
655 923
655 982
655 993
656 721
656 744
656 757
656 797
656 842
656 964
656 976
656 993
657 688
657 783
657 848
657 887
657 890
657 920
657 922
657 929
657 931
657 945
658 736
658 741
658 753
658 780
658 781
658 830
658 835
658 858
658 863
658 867
658 872
658 893
658 895
658 964
659 709
659 737
659 756
659 757
659 788
659 824
659 866
659 876
659 879
659 885
659 976
659 985
660 719
660 802
660 811
660 813
660 815
660 852
660 858
660 892
660 894
660 906
660 955
660 979
660 989
661 726
661 738
661 744
661 815
661 871
661 874
661 877
661 879
661 956
661 970
662 698
662 703
662 713
662 804
662 885
662 951
662 991
662 993
663 673
663 767
663 780
663 828
663 917
664 682
664 740
664 840
664 930
665 680
665 682
665 715
665 718
665 733
665 748
665 830
665 851
665 860
666 678
666 787
666 790
666 802
666 805
666 824
666 881
666 896
666 913
666 927
666 978
667 677
667 725
667 754
667 811
667 888
667 891
667 922
667 925
667 936
667 953
667 982
668 705
668 708
668 721
668 792
668 839
668 913
668 928
668 992
669 684
669 721
669 741
669 765
669 860
669 878
669 925
669 932
670 682
670 766
670 786
670 795
670 806
670 848
670 860
670 881
670 891
670 922
670 923
670 979
670 997
671 701
671 704
671 820
671 828
671 831
671 978
672 763
672 833
672 846
672 865
672 879
672 916
672 936
672 972
673 690
673 709
673 823
673 829
673 854
673 936
673 951
673 958
673 982
674 830
674 930
674 948
675 678
675 682
675 706
675 711
675 764
675 860
675 902
675 924
675 943
675 945
675 955
675 978
675 988
675 994
676 683
676 709
676 811
676 829
676 838
676 870
676 901
676 932
677 707
677 746
677 747
677 779
677 792
677 837
677 928
677 938
677 971
677 996
678 690
678 714
678 724
678 764
678 788
678 801
678 818
678 831
678 911
678 934
678 947
678 969
679 680
679 681
679 699
679 700
679 740
679 771
679 775
679 781
679 791
679 821
679 831
679 867
679 885
679 919
679 950
679 968
679 984
680 702
680 707
680 747
680 830
680 918
680 930
680 950
681 918
682 712
682 731
682 733
682 813
682 830
682 854
682 882
682 902
682 915
682 985
683 721
683 759
683 799
683 894
683 902
683 929
683 937
683 990
684 708
684 736
684 750
684 757
684 769
684 807
684 835
684 859
684 935
684 940
684 946
684 956
684 973
685 689
685 695
685 790
685 858
685 877
685 883
685 894
685 918
685 933
685 936
685 957
685 960
686 690
686 707
686 741
686 786
686 830
686 843
686 899
686 926
686 992
687 691
687 763
687 813
687 818
687 903
687 956
687 968
687 976
687 990
688 704
688 841
688 844
688 864
688 970
689 698
689 760
689 875
689 901
689 909
689 920
690 761
690 806
690 810
690 847
690 850
690 884
690 892
690 897
690 948
690 960
691 737
691 761
691 848
691 947
692 706
692 790
692 797
692 858
692 923
692 938
693 721
693 733
693 747
693 757
693 794
693 849
693 891
693 949
694 707
694 721
694 733
694 823
694 857
695 733
695 742
695 836
695 854
695 875
695 947
695 969
696 863
696 872
696 913
696 923
696 930
697 756
697 798
697 826
697 879
697 906
697 942
697 963
697 970
697 989
698 760
698 767
698 785
698 851
699 760
699 943
699 958
699 971
699 975
700 721
700 724
700 751
700 804
700 820
700 851
700 865
700 923
700 995
701 713
701 751
701 756
701 766
701 768
701 781
701 837
701 872
701 892
701 907
701 924
701 929
701 947
701 958
701 981
701 996
702 713
702 733
702 744
702 761
702 777
702 788
702 901
702 943
702 966
703 709
703 717
703 720
703 746
703 748
703 752
703 764
703 801
703 815
703 942
703 981
703 982
704 707
704 787
704 799
704 809
704 829
704 849
704 873
704 906
704 924
704 944
704 962
704 978
705 792
705 794
705 923
705 950
705 971
705 993
706 731
706 798
706 829
706 921
706 929
706 991
707 709
707 714
707 720
707 731
707 738
707 752
707 772
707 786
707 789
707 790
707 804
707 809
707 819
707 878
707 884
707 899
707 920
707 926
707 938
707 953
707 966
708 786
708 788
708 792
708 814
708 851
708 878
708 892
708 918
708 922
708 965
709 717
709 761
709 781
709 791
709 812
709 814
709 828
709 830
709 856
709 866
709 867
709 923
709 928
709 956
709 982
709 996
710 759
710 778
710 874
710 956
711 753
711 765
711 792
711 815
711 835
711 907
711 913
711 956
711 958
712 721
712 726
712 751
712 827
712 845
712 867
712 875
712 879
712 925
713 729
713 737
713 772
713 784
713 801
713 803
713 808
713 826
713 829
713 854
713 899
713 906
713 909
713 911
713 960
713 987
714 743
714 758
714 835
714 978
714 991
714 997
715 771
715 865
715 882
715 898
715 913
715 926
715 955
715 958
715 959
715 992
716 720
716 748
716 769
716 929
716 989
717 719
717 741
717 754
717 804
717 834
717 903
717 922
717 953
717 958
717 969
718 786
718 812
718 838
718 892
718 912
718 950
719 732
719 734
719 751
719 760
719 801
719 809
719 828
719 885
719 898
719 946
719 948
719 988
720 803
720 804
720 808
720 811
720 861
720 862
720 864
720 920
720 937
720 949
720 960
720 989
721 762
721 778
721 815
721 875
721 913
721 948
721 981
721 985
722 821
722 903
722 947
722 952
722 997
723 726
723 727
723 736
723 738
723 739
723 744
723 757
723 760
723 779
723 794
723 846
723 882
723 887
723 920
723 976
724 744
724 804
724 852
724 874
724 878
724 882
724 969
725 744
725 752
725 761
725 832
725 922
725 945
725 953
725 972
726 741
726 766
726 771
726 793
726 798
726 810
726 824
726 844
726 863
726 880
726 882
726 911
726 932
726 956
726 978
727 736
727 783
727 800
727 875
727 903
727 929
727 950
727 977
728 736
728 755
728 769
728 784
728 788
728 802
728 855
728 877
728 915
728 949
728 958
729 895
729 907
729 959
729 976
729 993
730 732
730 744
730 780
730 805
730 828
730 842
730 885
730 931
730 941
730 988
731 765
731 778
731 786
731 842
731 856
731 867
731 870
731 917
731 923
731 938
731 954
731 955
731 981
732 758
732 990
733 746
733 747
733 752
733 780
733 793
733 824
733 831
733 844
733 845
733 882
733 892
733 903
733 967
734 776
734 800
734 801
734 827
734 868
734 938
734 969
735 828
735 860
735 877
735 928
735 953
735 957
736 854
736 888
736 911
736 923
736 948
736 960
736 985
736 999
737 779
737 788
737 813
737 816
737 821
737 823
737 834
737 835
737 905
737 906
737 936
737 942
738 826
738 912
738 941
738 960
738 981
739 741
739 772
739 865
739 872
739 912
739 948
740 854
740 893
740 929
740 939
740 947
740 971
741 746
741 795
741 804
741 819
741 824
741 828
741 865
741 889
741 944
742 766
742 782
742 878
742 964
742 971
743 833
743 835
743 880
743 948
744 758
744 786
744 856
744 878
744 892
744 906
744 916
744 923
744 943
744 955
745 812
745 813
745 823
745 889
746 791
746 797
746 803
746 820
746 843
746 879
746 905
746 910
746 912
746 942
746 945
746 973
747 823
747 842
747 851
747 870
747 897
748 753
748 757
748 815
748 835
748 840
748 888
748 889
748 893
748 918
748 942
748 965
749 750
749 814
749 816
749 828
749 839
749 862
749 867
749 905
749 925
750 767
750 778
750 783
750 791
750 804
750 805
750 882
750 891
750 905
750 907
750 926
750 933
750 969
751 766
751 808
751 854
751 952
751 955
751 988
752 892
752 918
752 942
753 784
753 796
753 805
753 807
753 917
753 928
753 943
753 945
754 757
754 762
754 895
755 769
755 887
755 890
755 950
756 757
756 762
756 804
756 808
756 813
756 838
756 839
756 867
756 895
756 928
756 993
756 1000
757 808
757 845
757 931
757 957
757 963
757 982
758 802
758 863
758 887
758 913
758 916
758 921
758 922
758 949
758 950
758 989
759 783
759 892
759 905
759 918
759 939
759 952
759 959
759 962
759 971
760 817
760 886
760 894
760 925
760 955
760 979
760 995
761 763
761 784
761 788
761 804
761 841
761 865
761 884
761 894
761 901
761 908
761 933
761 951
761 954
761 972
762 781
762 935
762 941
763 830
763 847
763 881
763 883
763 914
763 950
764 808
764 892
764 913
765 821
765 829
765 837
765 923
766 830
766 886
766 943
766 965
766 981
767 771
767 783
767 865
767 898
767 900
767 912
767 942
767 985
767 996
767 997
768 790
768 800
768 821
768 980
769 778
769 820
769 897
769 949
769 966
769 974
769 998
770 797
770 828
770 875
770 889
770 901
770 956
771 903
771 929
771 954
771 982
772 836
772 923
772 944
773 789
773 863
773 890
773 901
773 923
774 783
774 788
774 795
775 783
775 897
776 823
776 861
776 870
776 909
776 930
776 971
776 995
777 791
777 960
778 784
778 895
778 901
778 942
779 844
779 855
779 977
779 992
780 786
780 797
780 821
780 825
780 833
780 878
780 898
780 934
780 941
780 942
780 959
780 970
781 788
781 815
781 819
781 836
781 869
781 908
781 947
781 949
781 958
781 992
782 785
782 830
782 862
782 872
782 948
782 951
782 956
782 984
783 805
783 905
783 912
783 913
783 941
783 942
783 960
783 999
784 788
784 795
784 806
784 807
784 823
784 863
784 891
784 901
784 916
784 939
784 978
784 979
785 834
785 981
786 807
786 817
786 818
786 826
786 838
786 877
786 895
786 916
786 946
786 949
786 950
786 954
786 979
786 982
787 830
787 958
787 976
788 806
788 826
788 836
788 877
788 890
788 947
788 975
789 862
789 901
789 965
790 831
790 927
791 885
791 900
791 921
792 824
792 836
792 897
792 907
792 950
792 984
793 860
793 892
793 934
793 981
794 803
794 858
794 878
794 957
794 962
795 897
795 915
795 923
796 808
796 831
796 842
796 867
796 907
796 947
796 966
797 816
797 846
797 873
797 885
797 890
797 920
797 923
797 928
797 962
798 929
798 953
798 965
799 802
799 939
800 812
800 993
801 847
801 858
801 973
801 985
802 808
802 857
802 919
802 934
802 999
803 926
804 812
804 831
804 848
804 887
804 901
804 925
804 993
805 831
805 838
805 840
805 891
805 966
805 971
806 837
806 886
806 904
806 948
807 901
807 993
808 875
808 897
808 966
808 985
809 951
809 976
809 989
810 815
810 841
810 847
810 879
810 902
810 910
810 911
810 915
810 937
810 941
810 962
810 969
811 815
811 855
811 924
811 927
811 996
812 896
812 899
812 905
812 947
812 971
813 815
813 822
813 823
813 831
813 839
813 856
813 872
813 882
813 931
813 932
813 934
813 935
813 944
813 960
813 986
813 997
814 815
814 834
814 835
814 856
814 881
814 901
814 918
814 922
814 930
814 956
815 840
815 859
815 889
815 892
815 918
815 922
815 930
815 994
815 997
816 823
816 937
816 980
817 905
817 909
817 938
817 952
817 960
818 885
818 991
819 822
819 867
819 943
819 956
820 823
820 901
820 958
820 981
820 991
821 851
821 857
821 860
821 931
821 971
822 867
822 909
823 839
823 883
823 894
823 934
823 947
823 948
823 955
823 964
823 971
824 852
824 860
824 863
824 904
824 913
824 929
824 937
824 963
824 966
825 942
825 993
825 999
826 939
826 982
827 848
827 905
827 930
827 999
828 855
828 856
828 857
828 926
828 942
829 845
829 856
829 874
829 997
830 843
830 888
830 933
830 958
830 983
830 999
831 863
831 941
831 949
831 958
831 961
831 976
831 988
832 845
832 962
833 868
833 889
833 896
833 918
833 944
833 955
833 960
834 905
834 935
834 937
834 947
834 953
835 836
835 914
835 918
835 953
836 847
836 961
837 897
837 929
838 868
838 923
839 852
839 857
839 881
839 882
839 892
839 909
839 958
840 851
840 897
840 918
840 947
840 962
840 966
840 976
841 883
841 897
841 934
842 892
842 924
842 942
842 948
842 973
843 870
843 881
843 911
843 934
844 887
844 916
844 939
844 959
844 975
845 875
845 882
845 894
845 904
845 962
845 978
846 856
846 882
846 907
846 925
846 972
846 992
846 995
847 886
847 894
847 916
847 925
847 971
847 982
848 918
848 925
848 926
848 929
849 858
849 955
849 995
850 880
850 904
850 938
850 951
851 901
851 960
851 982
851 991
852 894
852 960
853 938
854 891
854 914
854 928
854 968
855 878
855 883
855 978
855 987
856 879
856 989
856 993
856 997
857 874
857 886
857 928
857 929
857 966
858 951
859 864
859 918
860 920
860 923
860 945
860 948
861 864
861 949
862 932
862 938
862 939
862 994
863 864
863 870
863 877
863 948
864 913
864 944
864 945
864 979
865 881
866 897
866 997
867 878
867 943
867 962
868 879
868 914
868 916
868 973
869 889
869 897
869 934
869 958
869 978
870 874
870 882
870 923
870 942
870 952
870 971
872 913
872 945
873 948
874 918
874 953
874 958
874 972
874 982
875 942
876 895
876 934
876 966
876 987
876 992
878 909
878 937
878 954
879 905
879 920
879 929
879 985
880 947
880 958
881 931
881 980
882 958
884 996
885 951
886 938
886 962
887 891
887 895
887 901
887 917
887 985
888 891
888 950
889 901
889 948
889 981
889 986
890 958
890 981
891 905
891 938
891 944
891 956
891 979
892 898
893 901
893 905
893 944
893 950
894 943
894 959
894 971
895 897
897 952
897 972
897 989
898 902
898 905
898 913
898 925
898 929
898 956
898 987
899 909
899 962
899 971
900 959
901 953
901 958
901 970
901 999
902 949
902 961
902 978
903 993
904 954
904 982
905 907
905 916
905 933
905 935
906 921
906 928
906 933
906 966
907 962
908 972
908 991
910 912
910 924
910 933
910 937
910 945
910 970
910 975
912 982
912 986
912 989
913 933
913 934
913 952
914 955
914 979
916 926
916 944
916 992
916 994
916 995
918 922
918 963
918 982
919 926
920 988
920 990
920 994
920 996
921 972
921 988
922 936
922 943
922 944
922 983
922 987
922 998
923 979
924 984
925 929
925 943
925 967
925 1000
926 938
926 955
926 957
928 953
929 932
929 956
929 982
929 988
929 990
929 994
930 965
931 970
933 989
934 935
934 937
934 942
934 997
935 966
936 994
938 963
938 992
938 994
939 949
939 980
941 956
941 960
941 999
943 952
943 958
943 977
943 979
945 946
945 949
945 967
945 982
946 993
947 978
947 992
948 979
948 997
949 985
951 967
952 959
953 969
956 962
956 976
956 977
956 987
956 997
958 962
958 990
959 977
960 966
960 980
960 992
960 998
964 966
964 983
964 987
965 991
965 994
966 995
967 971
968 982
968 989
968 1000
969 978
971 978
972 994
973 994
974 980
974 990
977 987
978 981
979 997
992 999
