# LFR benchmark graph: regime=B mu=0.7 realization=1
# undirected, unweighted; 1-based node ids; each edge listed once.
1 7
1 170
1 174
1 244
1 384
1 435
1 489
1 554
1 592
1 628
1 649
1 695
1 753
1 822
1 880
2 26
2 70
2 82
2 161
2 171
2 179
2 261
2 263
2 311
2 313
2 432
2 439
2 440
2 465
2 473
2 487
2 494
2 502
2 509
2 527
2 531
2 544
2 547
2 553
2 562
2 579
2 580
2 667
2 685
2 716
2 719
2 737
2 750
2 755
2 759
2 791
2 964
3 103
3 114
3 121
3 126
3 147
3 170
3 192
3 306
3 401
3 423
3 526
3 550
3 621
3 629
3 632
3 645
3 687
3 711
3 717
3 770
3 809
3 830
3 842
3 895
4 29
4 75
4 89
4 158
4 162
4 173
4 231
4 233
4 243
4 289
4 316
4 420
4 482
4 504
4 506
4 557
4 570
4 600
4 633
4 660
4 705
4 790
4 816
4 819
4 830
4 840
4 929
5 17
5 21
5 38
5 44
5 64
5 105
5 124
5 155
5 158
5 176
5 178
5 195
5 204
5 211
5 216
5 223
5 230
5 231
5 249
5 258
5 273
5 279
5 284
5 326
5 343
5 374
5 394
5 424
5 463
5 490
5 559
5 587
5 606
5 617
5 622
5 628
5 639
5 659
5 709
5 723
5 730
5 735
5 741
5 743
5 745
5 775
5 801
5 822
5 862
5 868
5 871
5 875
5 906
5 942
5 983
6 12
6 16
6 97
6 129
6 136
6 146
6 250
6 252
6 261
6 262
6 292
6 323
6 358
6 368
6 389
6 414
6 417
6 465
6 488
6 490
6 571
6 577
6 631
6 671
6 703
6 753
6 806
6 851
6 892
6 988
7 17
7 50
7 92
7 454
7 477
7 508
7 522
7 523
7 543
7 549
7 560
7 639
7 707
7 745
7 785
7 805
7 850
7 951
7 954
8 16
8 67
8 76
8 105
8 154
8 172
8 181
8 195
8 223
8 225
8 272
8 275
8 311
8 312
8 349
8 383
8 389
8 392
8 421
8 432
8 517
8 534
8 543
8 649
8 683
8 723
8 741
8 743
8 872
8 883
8 901
8 917
8 996
9 22
9 28
9 49
9 130
9 139
9 189
9 211
9 222
9 254
9 276
9 304
9 315
9 329
9 366
9 468
9 498
9 502
9 526
9 569
9 611
9 647
9 709
9 714
9 763
9 812
9 844
9 857
9 860
9 904
9 937
9 949
9 958
9 985
10 11
10 12
10 81
10 182
10 192
10 193
10 289
10 348
10 360
10 383
10 391
10 419
10 588
10 645
10 656
10 671
10 676
10 710
10 726
10 727
10 780
10 798
10 861
10 902
10 904
10 995
11 20
11 54
11 58
11 109
11 132
11 139
11 165
11 218
11 262
11 296
11 312
11 379
11 385
11 425
11 457
11 464
11 573
11 591
11 625
11 630
11 633
11 651
11 683
11 684
11 687
11 710
11 761
11 798
11 805
11 836
11 869
11 884
11 885
11 887
11 907
11 947
12 73
12 88
12 152
12 224
12 262
12 356
12 421
12 439
12 443
12 458
12 500
12 508
12 520
12 535
12 549
12 567
12 605
12 613
12 669
12 814
12 856
12 870
13 27
13 245
13 376
13 384
13 437
13 439
13 501
13 563
13 617
13 621
13 754
13 787
14 16
14 23
14 28
14 34
14 41
14 42
14 78
14 118
14 126
14 136
14 158
14 182
14 241
14 273
14 286
14 313
14 338
14 362
14 388
14 423
14 427
14 433
14 453
14 455
14 470
14 502
14 503
14 537
14 544
14 564
14 568
14 574
14 582
14 588
14 595
14 601
14 646
14 659
14 662
14 665
14 674
14 715
14 717
14 743
14 752
14 772
14 774
14 807
14 819
14 835
14 874
14 907
14 924
14 926
14 949
14 966
14 983
14 984
14 992
14 996
15 17
15 62
15 83
15 159
15 182
15 198
15 254
15 296
15 349
15 388
15 459
15 586
15 612
15 707
15 759
15 829
15 906
15 949
16 30
16 57
16 68
16 134
16 154
16 157
16 168
16 259
16 282
16 298
16 309
16 330
16 336
16 344
16 351
16 378
16 385
16 390
16 399
16 470
16 483
16 494
16 513
16 526
16 533
16 539
16 592
16 601
16 677
16 689
16 692
16 697
16 700
16 702
16 704
16 721
16 753
16 760
16 772
16 798
16 874
16 885
16 888
16 935
16 937
16 941
16 958
17 44
17 48
17 204
17 206
17 216
17 270
17 323
17 372
17 383
17 408
17 446
17 484
17 496
17 506
17 641
17 718
17 772
17 925
17 947
17 974
17 1000
18 151
18 162
18 164
18 234
18 245
18 258
18 388
18 431
18 517
18 537
18 548
18 563
18 612
18 650
18 682
18 688
18 702
18 733
18 769
18 773
18 831
18 875
18 900
18 969
19 43
19 75
19 93
19 135
19 201
19 226
19 228
19 236
19 243
19 254
19 277
19 303
19 338
19 362
19 376
19 417
19 431
19 503
19 528
19 559
19 561
19 588
19 618
19 637
19 640
19 641
19 676
19 712
19 725
19 735
19 789
19 797
19 799
19 803
19 809
19 818
19 821
19 826
19 873
19 880
19 911
19 915
19 962
20 296
20 320
20 368
20 376
20 481
20 546
20 573
20 653
20 667
20 711
20 753
20 771
20 796
20 814
20 895
20 956
21 58
21 85
21 100
21 114
21 134
21 181
21 191
21 226
21 328
21 406
21 484
21 487
21 726
21 858
21 938
21 997
22 49
22 89
22 189
22 304
22 420
22 504
22 513
22 519
22 526
22 531
22 532
22 583
22 600
22 627
22 650
22 780
22 840
22 844
22 847
22 870
22 892
22 971
22 973
23 53
23 67
23 75
23 86
23 89
23 118
23 171
23 240
23 260
23 281
23 288
23 325
23 327
23 343
23 409
23 429
23 512
23 521
23 534
23 535
23 562
23 614
23 629
23 665
23 712
23 757
23 798
23 819
23 836
23 846
23 896
23 911
23 912
23 924
24 37
24 110
24 129
24 213
24 243
24 245
24 285
24 287
24 313
24 328
24 339
24 355
24 363
24 500
24 524
24 526
24 560
24 569
24 623
24 650
24 766
24 769
24 774
24 894
24 924
24 940
24 971
24 997
25 47
25 62
25 208
25 239
25 297
25 322
25 383
25 404
25 423
25 465
25 474
25 487
25 493
25 530
25 547
25 588
25 617
25 620
25 656
25 684
25 690
25 696
25 752
25 794
25 881
25 888
25 906
25 912
26 58
26 79
26 83
26 100
26 123
26 136
26 176
26 221
26 224
26 247
26 275
26 318
26 329
26 351
26 369
26 372
26 376
26 387
26 406
26 417
26 431
26 437
26 474
26 483
26 493
26 499
26 543
26 579
26 584
26 587
26 599
26 614
26 619
26 626
26 644
26 661
26 675
26 713
26 725
26 729
26 790
26 816
26 827
26 849
26 851
26 866
26 878
26 886
26 903
26 953
26 984
27 29
27 72
27 75
27 97
27 284
27 314
27 358
27 420
27 536
27 610
27 714
27 744
27 775
27 870
27 875
27 881
27 947
28 56
28 120
28 196
28 256
28 285
28 312
28 425
28 470
28 479
28 506
28 595
28 679
28 725
28 737
28 769
28 847
28 878
28 880
28 908
28 909
28 955
28 972
28 986
29 149
29 159
29 209
29 229
29 232
29 309
29 345
29 379
29 416
29 435
29 471
29 485
29 491
29 519
29 582
29 603
29 648
29 724
29 828
29 917
29 924
29 927
29 997
30 40
30 89
30 129
30 161
30 182
30 205
30 231
30 246
30 250
30 252
30 256
30 266
30 286
30 301
30 341
30 345
30 351
30 382
30 435
30 467
30 521
30 564
30 565
30 584
30 595
30 602
30 604
30 646
30 681
30 702
30 706
30 715
30 736
30 764
30 812
30 817
30 821
30 837
30 863
30 881
30 905
30 940
30 967
30 973
30 980
30 986
31 77
31 104
31 155
31 177
31 204
31 222
31 229
31 265
31 332
31 346
31 359
31 393
31 415
31 424
31 511
31 532
31 535
31 599
31 615
31 662
31 723
31 756
31 941
31 946
31 980
32 79
32 216
32 374
32 524
32 549
32 555
32 604
32 697
32 785
32 799
32 839
32 845
32 854
32 902
33 75
33 106
33 114
33 233
33 242
33 258
33 265
33 285
33 402
33 418
33 512
33 516
33 562
33 571
33 573
33 595
33 620
33 678
33 683
33 690
33 713
33 749
33 804
33 948
33 975
34 71
34 106
34 115
34 118
34 124
34 181
34 196
34 221
34 230
34 239
34 273
34 286
34 325
34 327
34 417
34 468
34 476
34 512
34 574
34 595
34 627
34 637
34 688
34 706
34 723
34 754
34 811
34 843
34 883
34 905
34 924
34 954
34 964
35 43
35 72
35 73
35 141
35 156
35 173
35 177
35 219
35 227
35 285
35 302
35 318
35 368
35 369
35 410
35 421
35 487
35 511
35 540
35 571
35 578
35 671
35 685
35 727
35 748
35 780
35 878
35 881
35 892
35 896
36 130
36 141
36 143
36 144
36 162
36 239
36 252
36 273
36 347
36 349
36 367
36 454
36 465
36 532
36 562
36 886
36 912
36 943
36 948
36 977
36 979
37 72
37 86
37 232
37 238
37 242
37 267
37 272
37 282
37 342
37 375
37 388
37 403
37 449
37 453
37 492
37 513
37 523
37 556
37 596
37 611
37 621
37 622
37 652
37 698
37 702
37 764
37 831
37 854
37 894
37 925
37 967
37 986
37 988
38 164
38 248
38 275
38 425
38 455
38 463
38 483
38 524
38 611
38 621
38 626
38 679
38 698
38 776
38 892
38 912
38 924
39 42
39 76
39 134
39 159
39 201
39 345
39 407
39 527
39 586
39 613
39 649
39 677
39 681
39 702
39 761
39 792
39 917
39 965
40 53
40 202
40 204
40 213
40 233
40 258
40 265
40 295
40 362
40 440
40 447
40 576
40 592
40 601
40 636
40 706
40 784
40 792
40 893
41 51
41 53
41 118
41 122
41 132
41 155
41 179
41 248
41 273
41 274
41 286
41 305
41 311
41 357
41 390
41 410
41 444
41 459
41 466
41 500
41 574
41 580
41 613
41 680
41 748
41 797
41 819
41 826
41 859
41 865
41 877
41 887
41 901
41 914
41 924
41 954
41 984
42 53
42 68
42 111
42 114
42 137
42 139
42 164
42 186
42 248
42 329
42 347
42 433
42 477
42 570
42 587
42 607
42 609
42 643
42 691
42 717
42 747
42 760
42 767
42 782
42 795
42 818
42 826
42 835
42 882
42 889
42 910
42 983
43 98
43 115
43 167
43 177
43 216
43 370
43 467
43 468
43 507
43 520
43 542
43 560
43 653
43 662
43 680
43 779
43 809
43 813
43 817
43 827
43 849
43 879
43 921
44 75
44 99
44 124
44 135
44 159
44 167
44 177
44 181
44 245
44 257
44 304
44 322
44 333
44 348
44 352
44 433
44 592
44 611
44 620
44 627
44 654
44 757
44 796
44 799
44 937
44 979
44 980
45 112
45 154
45 178
45 186
45 237
45 240
45 249
45 328
45 435
45 455
45 479
45 484
45 488
45 534
45 582
45 611
45 671
45 735
45 777
45 841
45 844
45 870
45 908
46 72
46 100
46 110
46 114
46 125
46 130
46 155
46 176
46 204
46 264
46 281
46 338
46 391
46 400
46 485
46 494
46 579
46 633
46 715
46 842
46 911
46 955
46 972
46 976
47 56
47 92
47 122
47 128
47 186
47 236
47 242
47 352
47 404
47 406
47 431
47 485
47 572
47 583
47 593
47 714
47 850
47 872
48 147
48 240
48 361
48 442
48 464
48 501
48 514
48 530
48 676
48 711
48 734
48 775
48 814
48 839
48 871
48 914
48 915
49 88
49 192
49 240
49 258
49 278
49 381
49 476
49 512
49 525
49 603
49 698
49 820
49 822
49 855
49 856
49 892
49 906
49 934
49 938
50 68
50 78
50 199
50 386
50 547
50 594
50 618
50 623
50 843
50 847
50 856
50 882
50 917
50 920
50 981
50 999
51 54
51 64
51 129
51 155
51 176
51 229
51 239
51 604
51 750
51 806
51 856
51 922
51 941
51 957
51 961
52 56
52 100
52 154
52 156
52 217
52 229
52 262
52 284
52 402
52 425
52 453
52 479
52 588
52 613
52 621
52 623
52 653
52 698
52 703
52 737
52 757
52 825
52 857
52 881
52 947
52 980
52 985
53 102
53 193
53 237
53 245
53 253
53 254
53 263
53 273
53 282
53 288
53 348
53 361
53 372
53 420
53 422
53 427
53 443
53 450
53 458
53 470
53 475
53 532
53 586
53 656
53 677
53 684
53 710
53 805
53 829
53 905
53 910
53 939
53 949
53 972
54 83
54 90
54 110
54 142
54 231
54 242
54 243
54 251
54 253
54 262
54 304
54 367
54 372
54 374
54 403
54 417
54 449
54 466
54 497
54 565
54 577
54 615
54 620
54 668
54 671
54 678
54 746
54 771
54 775
54 781
54 814
54 831
54 873
54 904
54 919
54 941
54 965
54 995
55 75
55 134
55 145
55 197
55 201
55 260
55 360
55 407
55 430
55 548
55 641
55 661
55 714
55 773
55 846
55 896
55 898
55 901
56 181
56 270
56 285
56 287
56 290
56 338
56 455
56 471
56 485
56 538
56 702
56 716
56 734
56 738
56 805
56 810
56 821
56 824
56 827
56 832
56 889
56 961
56 969
57 243
57 376
57 407
57 458
57 543
57 573
57 604
57 621
57 784
57 805
57 943
58 174
58 227
58 302
58 316
58 335
58 427
58 453
58 510
58 634
58 692
58 699
58 847
58 854
58 885
58 924
58 952
59 61
59 71
59 83
59 97
59 168
59 176
59 220
59 243
59 279
59 289
59 379
59 410
59 490
59 614
59 649
59 650
59 698
59 703
59 719
59 780
59 784
59 813
59 827
59 871
59 999
60 86
60 98
60 205
60 217
60 335
60 388
60 543
60 554
60 618
60 635
60 679
60 815
60 887
60 977
61 84
61 102
61 113
61 173
61 216
61 242
61 262
61 335
61 362
61 401
61 528
61 632
61 668
61 717
61 750
61 762
61 875
61 884
61 956
61 964
61 975
62 115
62 221
62 421
62 477
62 521
62 540
62 559
62 563
62 597
62 837
62 942
62 971
63 76
63 90
63 94
63 117
63 133
63 229
63 268
63 280
63 308
63 328
63 388
63 401
63 422
63 423
63 427
63 477
63 593
63 640
63 683
63 712
63 716
63 717
63 738
63 771
63 775
63 832
63 836
63 842
63 857
63 858
63 864
63 881
63 902
63 913
63 914
63 927
63 967
64 155
64 190
64 192
64 208
64 319
64 329
64 340
64 349
64 412
64 461
64 471
64 475
64 484
64 525
64 536
64 578
64 600
64 651
64 660
64 698
64 718
64 731
64 764
64 846
64 849
64 878
64 885
64 920
65 189
65 225
65 304
65 323
65 361
65 389
65 475
65 739
65 794
65 847
65 941
65 963
65 964
65 992
66 93
66 288
66 292
66 312
66 401
66 429
66 447
66 454
66 497
66 522
66 602
66 664
66 736
66 763
66 786
66 804
66 815
66 819
66 887
66 951
66 971
66 991
66 997
67 137
67 167
67 178
67 354
67 368
67 455
67 477
67 538
67 543
67 588
67 590
67 592
67 595
67 603
67 618
67 674
67 689
67 693
67 705
67 737
67 835
67 857
67 864
67 887
67 906
67 925
67 959
67 988
67 990
68 73
68 88
68 219
68 243
68 281
68 306
68 338
68 357
68 428
68 434
68 477
68 540
68 586
68 590
68 722
68 773
68 824
69 73
69 97
69 186
69 188
69 254
69 295
69 361
69 443
69 467
69 477
69 487
69 547
69 657
69 747
69 756
69 766
69 822
69 831
69 937
69 944
69 972
70 159
70 210
70 211
70 222
70 259
70 366
70 401
70 439
70 465
70 475
70 524
70 528
70 544
70 547
70 579
70 730
70 746
70 749
70 779
70 841
70 905
70 907
70 961
70 981
70 987
71 109
71 166
71 167
71 215
71 245
71 248
71 259
71 288
71 311
71 329
71 372
71 448
71 540
71 614
71 677
71 683
71 707
71 711
71 761
71 805
71 809
71 820
71 842
71 846
71 869
71 921
71 925
71 938
71 957
71 976
72 88
72 100
72 192
72 218
72 231
72 272
72 287
72 320
72 323
72 330
72 332
72 422
72 431
72 474
72 481
72 484
72 500
72 528
72 593
72 609
72 622
72 641
72 675
72 679
72 698
72 700
72 717
72 753
72 812
72 832
72 846
72 850
72 859
72 864
72 905
72 917
72 923
72 924
72 929
72 933
72 965
72 983
72 997
73 117
73 295
73 415
73 440
73 455
73 464
73 498
73 506
73 511
73 647
73 753
73 756
73 775
73 826
73 833
73 853
73 858
73 976
74 107
74 159
74 197
74 231
74 245
74 278
74 308
74 420
74 425
74 528
74 573
74 581
74 594
74 598
74 624
74 641
74 739
74 753
74 754
74 833
74 987
75 117
75 133
75 154
75 160
75 168
75 170
75 188
75 201
75 208
75 226
75 252
75 263
75 269
75 341
75 391
75 393
75 396
75 403
75 409
75 411
75 417
75 426
75 471
75 477
75 479
75 487
75 516
75 523
75 530
75 541
75 549
75 605
75 622
75 692
75 695
75 703
75 733
75 778
75 822
75 835
75 883
75 887
75 888
75 917
75 924
75 938
75 974
76 95
76 103
76 170
76 338
76 391
76 469
76 476
76 483
76 485
76 491
76 498
76 504
76 525
76 591
76 611
76 623
76 628
76 641
76 646
76 671
76 767
76 795
76 831
76 924
76 977
77 89
77 107
77 130
77 181
77 211
77 228
77 243
77 248
77 355
77 360
77 554
77 578
77 663
77 730
77 782
77 939
78 112
78 124
78 138
78 161
78 194
78 203
78 213
78 243
78 249
78 254
78 322
78 323
78 329
78 348
78 349
78 358
78 379
78 407
78 434
78 446
78 467
78 475
78 477
78 497
78 522
78 529
78 540
78 554
78 573
78 599
78 637
78 666
78 668
78 669
78 705
78 706
78 729
78 730
78 766
78 783
78 794
78 798
78 841
78 846
78 882
78 953
79 102
79 146
79 161
79 179
79 213
79 232
79 255
79 278
79 286
79 320
79 325
79 329
79 455
79 458
79 479
79 484
79 607
79 695
79 786
79 796
79 999
80 121
80 233
80 242
80 269
80 313
80 362
80 388
80 407
80 641
80 671
80 713
80 749
80 765
80 799
80 827
80 858
80 961
80 969
81 154
81 155
81 187
81 200
81 239
81 257
81 360
81 383
81 450
81 483
81 495
81 546
81 575
81 647
81 650
81 664
81 720
81 723
81 737
81 766
81 791
81 814
81 864
81 959
81 969
81 980
82 110
82 145
82 223
82 247
82 337
82 347
82 399
82 409
82 422
82 546
82 564
82 641
82 688
82 746
82 829
82 941
82 966
83 147
83 156
83 173
83 366
83 382
83 407
83 526
83 597
83 621
83 677
83 711
83 761
83 794
83 857
83 878
83 882
83 912
83 925
83 942
84 168
84 170
84 215
84 309
84 330
84 339
84 347
84 543
84 698
84 704
84 800
84 803
84 915
84 966
84 967
85 177
85 203
85 256
85 323
85 374
85 407
85 442
85 506
85 536
85 586
85 614
85 833
86 94
86 102
86 103
86 109
86 132
86 191
86 200
86 205
86 213
86 222
86 235
86 278
86 317
86 362
86 467
86 486
86 509
86 540
86 574
86 576
86 582
86 616
86 666
86 693
86 766
86 789
86 804
86 868
86 917
86 939
86 943
87 188
87 194
87 197
87 220
87 233
87 317
87 323
87 397
87 507
87 609
87 897
87 898
87 931
87 933
88 92
88 131
88 137
88 173
88 191
88 200
88 384
88 448
88 458
88 536
88 557
88 586
88 602
88 612
88 622
88 626
88 669
88 750
88 804
88 840
88 927
88 941
88 995
89 99
89 102
89 109
89 116
89 120
89 142
89 146
89 223
89 245
89 298
89 323
89 334
89 372
89 376
89 383
89 388
89 400
89 439
89 519
89 657
89 703
89 798
89 809
89 818
89 858
89 886
89 889
89 891
89 941
89 948
90 151
90 203
90 239
90 405
90 412
90 522
90 555
90 762
90 769
90 827
90 831
90 895
90 907
90 924
90 961
90 991
91 106
91 147
91 194
91 196
91 273
91 288
91 306
91 324
91 337
91 351
91 356
91 451
91 539
91 548
91 579
91 601
91 685
91 811
91 813
91 814
91 872
91 934
91 952
91 996
92 151
92 152
92 203
92 239
92 246
92 255
92 258
92 273
92 313
92 315
92 320
92 323
92 327
92 349
92 352
92 385
92 438
92 440
92 451
92 461
92 482
92 492
92 502
92 513
92 531
92 541
92 552
92 561
92 606
92 608
92 621
92 666
92 677
92 705
92 712
92 717
92 728
92 818
92 830
92 846
92 874
92 878
92 891
92 898
92 930
92 953
92 956
92 962
92 979
93 138
93 180
93 220
93 237
93 312
93 364
93 392
93 395
93 432
93 499
93 505
93 538
93 553
93 631
93 646
93 698
93 705
93 706
93 748
93 805
93 806
93 853
93 905
93 906
94 125
94 164
94 220
94 225
94 418
94 447
94 522
94 615
94 641
94 711
94 725
94 805
94 904
94 997
95 165
95 195
95 220
95 440
95 458
95 471
95 515
95 522
95 547
95 621
95 762
95 850
95 885
95 895
95 906
96 170
96 207
96 229
96 282
96 299
96 335
96 353
96 386
96 512
96 541
96 586
96 588
96 600
96 626
96 691
96 773
96 949
96 954
97 115
97 145
97 147
97 149
97 167
97 189
97 241
97 326
97 330
97 363
97 404
97 539
97 550
97 601
97 620
97 649
97 663
97 668
97 688
97 700
97 726
97 732
97 739
97 777
97 951
97 992
98 107
98 112
98 333
98 390
98 417
98 429
98 511
98 522
98 535
98 561
98 574
98 680
98 685
98 688
98 716
98 719
98 720
98 729
98 739
98 763
98 803
98 827
98 880
98 893
98 969
99 360
99 401
99 418
99 524
99 614
99 683
99 685
99 703
99 744
99 753
99 799
99 813
99 889
99 990
100 104
100 171
100 248
100 261
100 442
100 450
100 461
100 539
100 588
100 600
100 609
100 668
100 669
100 850
101 114
101 127
101 194
101 223
101 237
101 258
101 277
101 282
101 295
101 325
101 353
101 354
101 406
101 412
101 413
101 480
101 486
101 500
101 506
101 525
101 535
101 540
101 617
101 638
101 712
101 755
101 951
101 972
101 977
102 104
102 170
102 187
102 286
102 476
102 532
102 549
102 592
102 652
102 772
102 810
103 113
103 116
103 253
103 277
103 322
103 429
103 453
103 636
103 775
103 807
103 815
103 980
104 145
104 240
104 416
104 425
104 426
104 436
104 483
104 498
104 532
104 535
104 581
104 599
104 622
104 637
104 686
104 688
104 709
104 731
104 790
104 886
104 967
105 214
105 233
105 458
105 460
105 478
105 532
105 675
105 773
105 793
105 854
105 937
105 943
106 165
106 204
106 210
106 259
106 302
106 461
106 464
106 512
106 580
106 754
106 777
106 834
106 861
106 881
106 908
107 176
107 179
107 232
107 264
107 320
107 683
107 720
107 769
107 881
107 943
107 1000
108 127
108 174
108 232
108 243
108 245
108 356
108 388
108 409
108 461
108 490
108 594
108 600
108 631
108 680
108 777
108 816
108 846
108 861
108 907
108 969
108 971
109 127
109 132
109 137
109 154
109 174
109 197
109 279
109 284
109 289
109 317
109 336
109 354
109 357
109 417
109 516
109 525
109 542
109 570
109 572
109 581
109 623
109 629
109 630
109 686
109 697
109 716
109 769
109 807
109 820
109 870
110 132
110 138
110 162
110 249
110 251
110 304
110 316
110 359
110 453
110 465
110 467
110 479
110 508
110 542
110 547
110 559
110 646
110 685
110 737
110 747
110 762
110 844
110 922
110 998
111 153
111 225
111 339
111 376
111 409
111 418
111 485
111 502
111 665
111 934
111 969
112 128
112 131
112 173
112 187
112 401
112 406
112 417
112 432
112 615
112 639
112 712
112 764
112 778
112 798
112 883
112 917
112 934
113 132
113 158
113 176
113 207
113 229
113 247
113 297
113 308
113 389
113 393
113 463
113 471
113 474
113 500
113 517
113 528
113 564
113 598
113 611
113 639
113 698
113 717
113 752
113 811
113 837
113 855
113 906
113 937
113 946
114 165
114 172
114 184
114 223
114 230
114 231
114 232
114 243
114 245
114 251
114 254
114 294
114 330
114 349
114 373
114 375
114 441
114 445
114 463
114 480
114 592
114 624
114 670
114 735
114 805
114 814
114 827
114 844
114 851
114 864
114 977
115 118
115 122
115 162
115 230
115 355
115 366
115 370
115 384
115 419
115 470
115 558
115 591
115 611
115 620
115 633
115 640
115 659
115 749
115 761
115 764
115 889
115 908
115 976
115 980
116 162
116 276
116 310
116 325
116 326
116 350
116 384
116 536
116 547
116 550
116 567
116 612
116 739
116 796
116 813
116 815
116 829
116 905
116 929
116 941
116 962
116 967
116 972
117 132
117 166
117 181
117 241
117 318
117 326
117 351
117 371
117 394
117 396
117 409
117 433
117 479
117 547
117 576
117 618
117 637
117 639
117 658
117 716
117 737
117 757
117 790
117 822
117 861
117 877
117 905
117 907
117 934
118 170
118 217
118 218
118 326
118 343
118 360
118 372
118 381
118 390
118 401
118 403
118 455
118 465
118 469
118 475
118 542
118 571
118 574
118 585
118 623
118 673
118 674
118 696
118 789
118 792
118 832
118 920
118 924
118 996
119 138
119 319
119 352
119 368
119 512
119 530
119 698
119 709
119 829
119 847
119 947
120 182
120 188
120 470
120 478
120 506
120 611
120 633
120 804
120 810
120 819
120 820
120 824
120 906
121 139
121 196
121 243
121 376
121 377
121 380
121 431
121 437
121 536
121 627
121 630
121 677
121 682
121 855
122 132
122 150
122 176
122 195
122 220
122 229
122 266
122 342
122 360
122 362
122 420
122 455
122 470
122 475
122 514
122 559
122 582
122 587
122 617
122 622
122 673
122 684
122 693
122 694
122 741
122 747
122 773
122 795
122 821
122 830
122 838
122 885
122 888
122 906
122 959
122 963
122 968
122 986
123 139
123 176
123 181
123 191
123 229
123 256
123 266
123 286
123 293
123 306
123 334
123 340
123 374
123 412
123 439
123 455
123 469
123 510
123 566
123 678
123 917
123 918
123 934
123 946
124 135
124 217
124 374
124 440
124 476
124 494
124 524
124 535
124 571
124 632
124 675
124 803
124 836
124 856
124 977
125 145
125 168
125 407
125 425
125 465
125 520
125 564
125 576
125 592
125 613
125 624
125 696
125 748
125 761
125 788
125 829
125 834
126 201
126 295
126 308
126 420
126 486
126 497
126 549
126 609
126 614
126 627
126 705
126 887
127 137
127 196
127 270
127 330
127 355
127 431
127 683
127 734
127 844
127 912
127 917
127 979
128 163
128 240
128 302
128 324
128 368
128 393
128 455
128 506
128 511
128 528
128 563
128 634
128 733
128 857
128 899
129 215
129 229
129 242
129 262
129 382
129 390
129 443
129 558
129 583
129 605
129 623
129 629
129 639
129 709
129 712
129 781
129 793
129 849
129 880
129 915
129 924
129 954
129 964
129 995
130 170
130 201
130 214
130 236
130 252
130 264
130 291
130 294
130 303
130 327
130 409
130 451
130 452
130 473
130 498
130 570
130 573
130 585
130 590
130 605
130 649
130 656
130 664
130 723
130 731
130 749
130 858
130 889
131 143
131 167
131 177
131 233
131 245
131 277
131 287
131 363
131 377
131 462
131 498
131 613
131 637
131 671
131 746
131 771
131 822
131 961
131 979
132 209
132 234
132 244
132 256
132 262
132 274
132 300
132 301
132 336
132 377
132 394
132 405
132 409
132 428
132 471
132 475
132 476
132 494
132 508
132 510
132 522
132 532
132 543
132 558
132 566
132 595
132 598
132 601
132 608
132 645
132 669
132 688
132 748
132 764
132 796
132 803
132 806
132 813
132 817
132 853
132 857
132 903
132 905
132 916
132 925
132 933
132 937
132 977
133 138
133 154
133 160
133 168
133 239
133 251
133 252
133 284
133 318
133 323
133 418
133 469
133 592
133 605
133 702
133 706
133 766
133 796
133 820
133 878
134 155
134 177
134 226
134 264
134 299
134 300
134 352
134 357
134 359
134 364
134 387
134 435
134 552
134 659
134 671
134 753
134 820
134 821
134 822
134 846
134 896
134 902
134 939
134 946
134 973
135 154
135 155
135 182
135 229
135 231
135 263
135 275
135 317
135 339
135 361
135 371
135 461
135 462
135 476
135 484
135 492
135 528
135 573
135 603
135 636
135 698
135 723
135 752
135 807
135 960
136 187
136 286
136 327
136 412
136 417
136 435
136 532
136 543
136 578
136 582
136 601
136 607
136 687
136 701
136 711
136 762
136 816
136 819
136 954
136 962
137 156
137 176
137 207
137 293
137 303
137 372
137 402
137 424
137 439
137 452
137 486
137 600
137 601
137 613
137 636
137 747
137 780
137 867
138 186
138 222
138 242
138 290
138 296
138 420
138 467
138 490
138 509
138 522
138 536
138 548
138 586
138 618
138 621
138 665
138 750
138 770
138 858
138 871
138 875
138 947
138 957
139 157
139 193
139 320
139 323
139 326
139 356
139 364
139 373
139 377
139 438
139 468
139 521
139 522
139 543
139 608
139 617
139 645
139 660
139 730
139 770
139 793
139 902
139 917
139 942
139 964
139 969
139 1000
140 167
140 181
140 239
140 297
140 322
140 332
140 506
140 626
140 828
140 833
140 937
141 273
141 286
141 356
141 471
141 540
141 573
141 596
141 671
141 722
141 770
141 776
141 823
141 833
141 846
141 854
141 892
141 959
142 167
142 179
142 195
142 245
142 248
142 270
142 285
142 332
142 352
142 440
142 461
142 467
142 597
142 742
142 744
142 746
142 777
142 855
143 151
143 168
143 231
143 248
143 259
143 340
143 422
143 435
143 436
143 450
143 490
143 499
143 535
143 587
143 595
143 620
143 651
143 662
143 672
143 690
143 743
143 744
143 757
143 772
143 870
143 976
144 183
144 231
144 245
144 254
144 281
144 325
144 341
144 348
144 415
144 506
144 542
144 579
144 622
144 633
144 670
144 702
144 748
144 780
144 781
144 817
144 819
144 942
144 969
144 978
145 152
145 181
145 182
145 199
145 207
145 228
145 257
145 280
145 281
145 290
145 312
145 338
145 345
145 351
145 357
145 361
145 378
145 410
145 423
145 435
145 445
145 449
145 454
145 546
145 552
145 560
145 564
145 571
145 615
145 652
145 677
145 730
145 822
145 836
145 848
145 861
145 890
145 918
145 951
145 954
145 956
145 983
146 307
146 356
146 357
146 377
146 440
146 485
146 526
146 527
146 609
146 628
146 711
146 814
146 820
146 921
147 182
147 258
147 383
147 422
147 526
147 632
147 633
147 703
147 815
147 856
147 900
147 941
147 980
148 270
148 359
148 391
148 440
148 452
148 506
148 560
148 633
148 660
148 727
148 797
149 163
149 193
149 199
149 229
149 259
149 284
149 289
149 356
149 408
149 412
149 444
149 448
149 612
149 660
149 683
149 707
149 787
149 812
149 895
149 960
149 974
150 155
150 163
150 171
150 258
150 372
150 429
150 439
150 500
150 596
150 610
150 693
150 704
150 739
150 744
150 769
150 822
150 957
150 964
151 157
151 162
151 183
151 200
151 240
151 282
151 306
151 325
151 337
151 500
151 522
151 528
151 602
151 608
151 612
151 617
151 641
151 679
151 807
151 862
151 945
151 999
152 216
152 221
152 245
152 349
152 439
152 558
152 570
152 578
152 592
152 685
152 823
152 843
152 929
152 990
153 154
153 220
153 254
153 309
153 326
153 328
153 382
153 477
153 491
153 580
153 622
153 625
153 657
153 814
153 930
153 981
153 996
154 155
154 159
154 170
154 176
154 251
154 291
154 297
154 300
154 346
154 375
154 384
154 424
154 452
154 457
154 505
154 510
154 575
154 579
154 587
154 596
154 602
154 606
154 612
154 621
154 646
154 653
154 686
154 694
154 764
154 781
154 804
154 824
154 876
154 895
154 929
154 949
154 962
154 965
155 169
155 220
155 222
155 227
155 238
155 262
155 287
155 288
155 333
155 346
155 349
155 353
155 364
155 382
155 387
155 417
155 433
155 456
155 476
155 488
155 514
155 528
155 553
155 604
155 615
155 656
155 679
155 697
155 777
155 785
155 817
155 833
155 839
155 964
155 975
155 991
156 170
156 180
156 205
156 243
156 311
156 342
156 431
156 465
156 515
156 579
156 598
156 618
156 622
156 805
156 892
156 921
156 926
157 159
157 260
157 338
157 349
157 456
157 477
157 596
157 775
157 996
157 1000
158 236
158 252
158 290
158 374
158 420
158 480
158 582
158 669
158 745
158 761
158 776
158 781
158 928
158 982
159 180
159 191
159 212
159 219
159 229
159 264
159 311
159 344
159 349
159 380
159 431
159 570
159 633
159 707
159 752
159 761
159 792
159 803
159 861
159 925
159 928
160 164
160 233
160 238
160 275
160 373
160 387
160 426
160 442
160 447
160 458
160 469
160 502
160 579
160 596
160 622
160 688
160 698
160 704
160 726
160 738
160 760
160 793
160 846
160 851
160 871
160 978
161 162
161 201
161 220
161 240
161 285
161 388
161 423
161 436
161 495
161 552
161 560
161 574
161 597
161 605
161 614
161 617
161 618
161 793
161 807
161 818
161 831
161 864
161 910
161 926
161 941
161 967
162 256
162 308
162 309
162 310
162 320
162 329
162 361
162 427
162 502
162 521
162 522
162 566
162 567
162 618
162 717
162 747
162 762
162 866
162 905
162 964
162 973
162 996
163 164
163 175
163 187
163 192
163 291
163 323
163 325
163 338
163 352
163 358
163 404
163 420
163 428
163 506
163 565
163 607
163 644
163 685
163 821
163 855
163 905
163 996
164 174
164 212
164 213
164 256
164 283
164 303
164 318
164 325
164 329
164 336
164 338
164 389
164 418
164 428
164 432
164 457
164 462
164 487
164 496
164 502
164 524
164 582
164 609
164 697
164 821
164 843
164 871
164 880
164 905
164 975
165 177
165 222
165 252
165 262
165 315
165 360
165 540
165 600
165 643
165 688
165 690
165 695
165 705
165 731
165 751
165 772
165 787
165 814
165 874
165 937
166 167
166 199
166 486
166 609
166 629
166 662
166 794
166 824
166 988
167 179
167 229
167 240
167 278
167 282
167 346
167 383
167 400
167 419
167 451
167 457
167 524
167 553
167 558
167 609
167 611
167 637
167 647
167 665
167 691
167 710
167 728
167 735
167 795
167 863
167 906
167 929
167 978
168 207
168 281
168 288
168 290
168 295
168 312
168 406
168 407
168 426
168 430
168 436
168 463
168 476
168 492
168 515
168 519
168 525
168 548
168 560
168 575
168 581
168 587
168 602
168 610
168 632
168 667
168 687
168 701
168 708
168 790
168 827
168 829
168 889
168 921
168 924
168 948
168 972
168 982
168 985
168 990
169 232
169 251
169 262
169 325
169 353
169 467
169 547
169 548
169 595
169 605
169 613
169 618
169 688
169 715
169 774
169 784
169 795
169 814
169 845
169 986
170 197
170 230
170 238
170 295
170 309
170 316
170 332
170 336
170 383
170 396
170 409
170 497
170 510
170 517
170 525
170 543
170 551
170 556
170 606
170 620
170 638
170 654
170 660
170 686
170 694
170 729
170 732
170 752
170 754
170 762
170 775
170 782
170 814
170 818
170 832
170 835
170 841
170 863
170 876
170 894
170 917
170 963
170 989
171 172
171 197
171 257
171 460
171 494
171 502
171 503
171 540
171 574
171 616
171 623
171 678
171 718
171 747
171 800
171 811
171 847
171 941
171 997
172 175
172 202
172 240
172 280
172 283
172 295
172 316
172 329
172 345
172 362
172 418
172 425
172 436
172 461
172 543
172 548
172 558
172 562
172 579
172 665
172 680
172 784
172 844
172 852
172 858
172 865
172 875
172 942
172 957
172 969
173 242
173 256
173 260
173 282
173 331
173 363
173 428
173 460
173 566
173 580
173 604
173 621
173 631
173 692
173 705
173 833
173 912
173 983
174 213
174 234
174 255
174 327
174 338
174 358
174 551
174 683
174 685
174 713
174 717
174 744
174 785
175 177
175 209
175 243
175 306
175 311
175 401
175 432
175 439
175 440
175 463
175 465
175 493
175 513
175 540
175 547
175 585
175 605
175 614
175 617
175 625
175 685
175 747
175 755
175 759
175 793
175 905
175 927
175 964
175 973
176 188
176 222
176 344
176 371
176 394
176 465
176 474
176 498
176 536
176 551
176 571
176 585
176 590
176 669
176 684
176 721
176 734
176 742
176 746
176 753
176 792
176 813
176 827
176 829
176 833
176 850
176 856
176 858
176 900
176 933
176 954
176 975
177 189
177 229
177 239
177 261
177 290
177 295
177 339
177 341
177 364
177 535
177 578
177 609
177 645
177 740
177 801
177 819
177 821
177 843
177 890
177 895
177 927
177 948
177 949
177 975
177 992
178 270
178 328
178 364
178 372
178 407
178 444
178 477
178 487
178 497
178 576
178 622
178 632
178 638
178 646
178 841
178 861
178 905
179 187
179 217
179 240
179 282
179 325
179 361
179 366
179 370
179 412
179 434
179 453
179 456
179 469
179 509
179 544
179 547
179 589
179 609
179 666
179 667
179 670
179 676
179 685
179 687
179 691
179 697
179 719
179 734
179 767
179 781
179 817
179 865
179 946
179 951
179 964
180 225
180 244
180 245
180 304
180 407
180 483
180 829
180 838
180 889
180 923
180 973
180 997
181 193
181 199
181 207
181 210
181 211
181 222
181 224
181 247
181 254
181 255
181 260
181 269
181 286
181 295
181 314
181 324
181 338
181 384
181 421
181 432
181 447
181 453
181 465
181 474
181 486
181 490
181 539
181 588
181 608
181 696
181 721
181 746
181 751
181 786
181 804
181 814
181 844
181 845
181 849
181 850
181 861
181 911
181 919
181 938
182 192
182 201
182 209
182 251
182 268
182 284
182 299
182 311
182 349
182 351
182 419
182 433
182 438
182 454
182 474
182 490
182 499
182 528
182 634
182 652
182 685
182 698
182 736
182 762
182 794
182 868
182 870
182 873
182 974
183 209
183 246
183 252
183 319
183 401
183 406
183 513
183 547
183 613
183 619
183 623
183 658
183 751
183 767
183 771
183 868
183 869
183 877
183 893
183 903
183 904
183 979
183 994
184 187
184 195
184 211
184 246
184 291
184 311
184 349
184 386
184 521
184 525
184 544
184 547
184 579
184 588
184 695
184 706
184 772
184 832
184 864
184 961
185 343
185 477
185 525
185 617
185 648
185 660
185 794
185 937
185 969
185 976
185 996
186 201
186 212
186 251
186 274
186 283
186 370
186 478
186 535
186 588
186 595
186 667
186 706
186 713
186 738
186 818
186 831
186 966
186 984
187 192
187 253
187 329
187 342
187 353
187 361
187 409
187 439
187 458
187 465
187 507
187 518
187 557
187 560
187 567
187 599
187 609
187 611
187 669
187 670
187 696
187 725
187 735
187 818
187 864
187 873
187 884
187 905
187 917
187 924
187 929
187 990
187 997
188 206
188 350
188 352
188 409
188 427
188 474
188 476
188 490
188 500
188 576
188 630
188 631
188 673
188 738
188 776
188 816
188 878
188 904
188 908
188 917
188 920
188 967
188 979
188 995
189 194
189 272
189 319
189 330
189 377
189 417
189 522
189 577
189 644
189 660
189 677
189 737
189 768
189 784
189 819
189 838
189 861
189 926
190 211
190 220
190 323
190 445
190 460
190 573
190 631
190 751
190 858
190 900
190 911
190 978
191 204
191 338
191 347
191 480
191 597
191 611
191 636
191 670
191 800
191 856
191 858
191 923
191 926
191 982
192 210
192 233
192 311
192 315
192 325
192 328
192 376
192 390
192 397
192 468
192 476
192 494
192 590
192 592
192 600
192 609
192 658
192 685
192 835
192 935
192 999
193 196
193 230
193 245
193 265
193 347
193 401
193 402
193 431
193 448
193 512
193 526
193 613
193 720
193 723
193 854
193 885
194 252
194 253
194 262
194 274
194 275
194 303
194 305
194 405
194 466
194 494
194 509
194 519
194 525
194 554
194 592
194 620
194 624
194 648
194 683
194 695
194 764
194 770
194 779
194 794
194 819
194 891
194 919
194 973
194 996
195 201
195 232
195 304
195 337
195 359
195 375
195 463
195 490
195 586
195 596
195 679
195 707
195 709
195 769
195 799
195 881
195 883
195 972
195 989
196 202
196 213
196 253
196 263
196 277
196 282
196 285
196 289
196 316
196 364
196 450
196 456
196 471
196 481
196 490
196 495
196 498
196 513
196 529
196 533
196 540
196 544
196 564
196 577
196 588
196 611
196 615
196 621
196 630
196 652
196 715
196 730
196 739
196 764
196 786
196 802
196 809
196 833
196 857
196 899
196 901
196 923
196 979
197 259
197 273
197 282
197 414
197 416
197 431
197 490
197 494
197 589
197 644
197 702
197 811
197 814
197 816
197 880
198 282
198 377
198 387
198 392
198 521
198 603
198 621
198 687
198 741
198 756
198 807
198 894
198 904
199 334
199 386
199 428
199 463
199 484
199 506
199 563
199 618
199 641
199 643
199 653
199 659
199 680
199 694
199 751
199 852
199 881
199 1000
200 332
200 356
200 415
200 426
200 586
200 683
200 738
200 833
201 205
201 208
201 212
201 215
201 230
201 236
201 242
201 286
201 325
201 370
201 389
201 395
201 398
201 447
201 462
201 475
201 507
201 536
201 538
201 547
201 596
201 605
201 617
201 622
201 654
201 667
201 685
201 691
201 699
201 748
201 786
201 790
201 794
201 795
201 801
201 805
201 810
201 817
201 837
201 880
201 896
201 927
201 961
201 1000
202 285
202 333
202 336
202 401
202 476
202 477
202 618
202 748
202 784
202 849
202 885
202 913
202 938
202 963
202 976
203 208
203 213
203 226
203 230
203 233
203 244
203 246
203 259
203 263
203 313
203 322
203 329
203 342
203 421
203 425
203 454
203 508
203 512
203 518
203 536
203 543
203 564
203 589
203 591
203 594
203 602
203 604
203 636
203 658
203 672
203 675
203 696
203 699
203 707
203 771
203 811
203 895
203 986
204 249
204 254
204 283
204 286
204 332
204 344
204 357
204 376
204 408
204 458
204 491
204 524
204 537
204 546
204 614
204 621
204 668
204 669
204 687
204 691
204 749
204 822
204 830
204 919
204 969
204 974
204 987
205 214
205 222
205 344
205 357
205 400
205 406
205 435
205 486
205 487
205 549
205 554
205 653
205 670
205 698
205 717
205 748
205 825
205 876
205 894
205 904
205 914
205 944
206 218
206 252
206 255
206 382
206 399
206 458
206 475
206 513
206 536
206 641
206 649
206 715
206 719
206 824
206 885
206 922
206 958
207 229
207 276
207 325
207 344
207 377
207 493
207 506
207 579
207 595
207 643
207 662
207 669
207 708
207 723
207 730
207 761
207 844
207 854
207 935
207 991
208 322
208 346
208 415
208 476
208 505
208 540
208 620
208 630
208 660
208 661
208 687
208 724
208 726
208 763
208 784
208 920
208 922
208 944
208 955
208 992
208 997
209 240
209 257
209 275
209 291
209 333
209 396
209 414
209 453
209 482
209 514
209 554
209 559
209 605
209 618
209 635
209 661
209 674
209 720
209 766
209 785
209 853
209 856
209 857
209 866
209 892
209 903
209 928
209 940
209 980
210 229
210 232
210 261
210 340
210 358
210 442
210 456
210 540
210 846
210 926
211 213
211 220
211 249
211 252
211 258
211 281
211 309
211 318
211 327
211 337
211 345
211 383
211 384
211 440
211 447
211 470
211 476
211 481
211 486
211 500
211 510
211 511
211 535
211 539
211 546
211 559
211 580
211 605
211 643
211 664
211 670
211 690
211 693
211 698
211 705
211 714
211 745
211 756
211 767
211 774
211 813
211 829
211 831
211 850
211 864
211 880
211 892
211 937
212 218
212 308
212 330
212 348
212 377
212 407
212 463
212 476
212 496
212 500
212 576
212 580
212 597
212 599
212 667
212 719
212 737
212 739
212 783
212 809
212 852
212 858
212 997
213 242
213 397
213 420
213 652
213 665
213 668
213 672
213 746
213 757
213 777
213 779
213 801
213 858
213 871
213 879
213 976
213 980
214 258
214 361
214 417
214 579
214 598
214 724
214 797
214 820
215 256
215 260
215 284
215 384
215 386
215 413
215 435
215 450
215 465
215 471
215 483
215 525
215 604
215 616
215 621
215 662
215 666
215 725
215 765
215 820
215 843
215 866
215 875
215 885
215 909
215 930
215 942
215 945
215 972
215 985
215 986
215 990
216 224
216 273
216 305
216 319
216 326
216 337
216 388
216 400
216 443
216 563
216 579
216 599
216 618
216 690
216 706
216 708
216 732
216 745
216 767
216 780
216 788
216 814
216 892
216 925
216 928
216 947
216 969
217 251
217 310
217 350
217 376
217 573
217 622
217 681
217 687
217 689
217 702
217 789
217 841
217 893
217 919
217 969
218 245
218 258
218 322
218 369
218 370
218 407
218 444
218 497
218 517
218 580
218 598
218 660
218 731
218 757
218 778
218 954
219 223
219 313
219 320
219 340
219 361
219 510
219 530
219 745
219 786
219 815
219 981
220 240
220 248
220 337
220 350
220 358
220 470
220 511
220 531
220 571
220 688
220 734
220 741
220 917
220 939
220 957
220 982
221 245
221 249
221 257
221 282
221 301
221 311
221 320
221 454
221 559
221 702
221 708
221 720
221 727
221 742
221 755
221 770
221 773
221 815
221 873
221 942
221 948
221 972
222 237
222 250
222 260
222 281
222 304
222 321
222 323
222 328
222 357
222 394
222 400
222 410
222 412
222 420
222 421
222 439
222 477
222 482
222 484
222 501
222 504
222 506
222 519
222 532
222 586
222 588
222 595
222 597
222 609
222 617
222 625
222 628
222 646
222 690
222 739
222 766
222 777
222 871
222 891
222 920
222 925
222 981
222 987
222 989
223 263
223 288
223 345
223 467
223 486
223 524
223 528
223 637
223 646
223 671
223 722
223 756
223 998
224 282
224 286
224 304
224 323
224 389
224 470
224 545
224 597
224 657
224 670
225 235
225 243
225 301
225 307
225 317
225 333
225 335
225 361
225 372
225 383
225 455
225 479
225 481
225 485
225 531
225 636
225 696
225 733
225 760
225 766
225 768
225 794
225 849
226 277
226 306
226 307
226 389
226 455
226 480
226 525
226 571
226 580
226 637
226 689
226 700
226 733
226 738
226 745
226 762
226 891
226 932
226 981
227 327
227 337
227 413
227 426
227 442
227 455
227 490
227 533
227 566
227 601
227 617
227 755
227 780
228 229
228 231
228 233
228 302
228 347
228 353
228 461
228 514
228 560
228 580
228 600
228 629
228 683
228 766
228 794
228 836
228 904
228 924
229 233
229 263
229 292
229 310
229 350
229 376
229 377
229 456
229 514
229 515
229 577
229 588
229 627
229 633
229 635
229 650
229 671
229 688
229 725
229 726
229 755
229 776
229 784
229 790
229 792
229 814
229 853
229 857
229 871
229 885
229 889
229 908
229 924
229 932
229 943
229 953
229 959
230 256
230 271
230 494
230 508
230 531
230 592
230 609
230 617
230 624
230 707
230 715
230 789
230 967
230 982
231 291
231 311
231 348
231 378
231 384
231 456
231 487
231 490
231 493
231 541
231 566
231 576
231 615
231 619
231 627
231 661
231 669
231 707
231 718
231 815
231 849
231 896
231 985
232 240
232 258
232 265
232 283
232 328
232 341
232 369
232 426
232 477
232 541
232 551
232 591
232 592
232 650
232 671
232 675
232 743
232 766
232 794
232 811
232 867
232 882
232 935
232 971
232 987
232 992
233 236
233 249
233 250
233 258
233 275
233 287
233 311
233 313
233 321
233 360
233 394
233 464
233 514
233 516
233 521
233 548
233 556
233 577
233 583
233 591
233 601
233 605
233 610
233 613
233 614
233 619
233 645
233 670
233 692
233 694
233 696
233 712
233 759
233 763
233 780
233 787
233 792
233 825
233 849
233 852
233 915
233 920
233 926
233 935
233 963
233 967
233 968
233 996
233 998
234 470
234 497
234 622
234 662
234 799
234 809
234 872
234 911
234 996
235 323
235 357
235 361
235 368
235 465
235 507
235 513
235 527
235 566
235 600
235 615
235 688
235 821
235 829
235 833
235 879
235 880
235 931
236 265
236 281
236 317
236 340
236 355
236 434
236 470
236 498
236 513
236 576
236 587
236 601
236 626
236 735
236 808
236 850
236 955
236 956
236 988
237 261
237 305
237 311
237 325
237 369
237 387
237 393
237 438
237 467
237 542
237 548
237 574
237 577
237 616
237 656
237 683
237 729
237 804
237 821
237 847
237 852
238 249
238 306
238 387
238 418
238 442
238 564
238 671
238 683
238 823
238 850
238 954
239 254
239 339
239 364
239 478
239 752
239 773
239 774
239 790
240 244
240 329
240 348
240 363
240 370
240 379
240 401
240 421
240 435
240 478
240 514
240 529
240 532
240 581
240 686
240 716
240 742
240 751
240 794
240 796
240 807
240 848
240 850
240 882
240 890
240 941
240 946
240 984
241 242
241 290
241 369
241 376
241 447
241 547
241 613
241 765
241 773
241 815
241 925
241 938
242 286
242 313
242 330
242 342
242 347
242 364
242 369
242 410
242 429
242 439
242 477
242 483
242 532
242 541
242 589
242 590
242 594
242 598
242 620
242 628
242 669
242 696
242 760
242 780
242 835
242 861
242 882
242 902
242 906
242 937
242 956
243 247
243 273
243 278
243 311
243 357
243 520
243 604
243 618
243 621
243 655
243 663
243 764
243 794
243 817
243 822
243 885
244 250
244 360
244 370
244 435
244 502
244 522
244 609
244 701
244 711
244 747
244 776
244 802
244 866
244 886
244 917
245 259
245 290
245 319
245 325
245 345
245 351
245 353
245 384
245 404
245 418
245 451
245 464
245 471
245 474
245 539
245 563
245 564
245 677
245 700
245 731
245 777
245 793
245 796
245 871
245 922
245 945
245 947
245 993
246 380
246 431
246 609
246 615
246 804
246 813
246 833
246 886
246 966
246 973
247 280
247 321
247 432
247 433
247 439
247 511
247 517
247 520
247 558
247 559
247 565
247 574
247 586
247 588
247 605
247 611
247 637
247 717
247 809
247 820
247 861
247 903
247 968
247 990
247 996
248 275
248 344
248 539
248 575
248 590
248 609
248 612
248 622
248 631
248 643
248 662
248 686
248 705
248 716
248 749
248 769
248 796
248 809
248 823
248 838
248 914
248 930
248 971
248 973
248 989
248 996
249 251
249 316
249 336
249 347
249 420
249 440
249 462
249 477
249 522
249 546
249 563
249 703
249 872
249 890
249 988
250 258
250 306
250 339
250 344
250 369
250 374
250 440
250 470
250 492
250 497
250 547
250 737
250 794
250 832
250 838
250 964
251 264
251 374
251 384
251 388
251 421
251 425
251 576
251 606
251 639
251 660
251 706
251 829
251 848
251 890
251 937
252 355
252 365
252 395
252 403
252 430
252 470
252 620
252 638
252 655
252 665
252 690
252 722
252 827
252 829
252 860
252 861
252 899
252 906
252 937
252 939
252 997
253 314
253 383
253 560
253 626
253 658
253 767
253 832
253 928
253 946
253 977
253 989
254 366
254 387
254 392
254 498
254 500
254 605
254 640
254 733
254 748
254 816
254 966
255 264
255 265
255 305
255 320
255 406
255 488
255 490
255 496
255 528
255 553
255 591
255 602
255 632
255 702
255 706
255 712
255 841
255 872
255 889
255 896
255 934
256 303
256 309
256 384
256 411
256 451
256 459
256 490
256 569
256 596
256 619
256 624
256 686
256 729
256 777
256 881
256 895
256 910
256 936
256 952
257 261
257 464
257 507
257 590
257 658
257 747
257 797
257 814
257 844
257 846
258 262
258 264
258 290
258 294
258 303
258 304
258 316
258 319
258 326
258 340
258 355
258 356
258 393
258 403
258 409
258 411
258 444
258 525
258 530
258 542
258 576
258 598
258 620
258 628
258 636
258 642
258 673
258 681
258 691
258 748
258 778
258 780
258 782
258 792
258 802
258 803
258 806
258 820
258 858
258 870
259 322
259 477
259 507
259 524
259 716
259 748
259 899
259 909
260 295
260 306
260 322
260 384
260 418
260 420
260 430
260 455
260 475
260 486
260 517
260 525
260 533
260 575
260 587
260 612
260 632
260 649
260 674
260 691
260 694
260 804
260 836
260 842
260 848
260 872
260 885
260 903
260 937
261 274
261 276
261 282
261 302
261 364
261 381
261 435
261 456
261 469
261 477
261 498
261 521
261 532
261 567
261 571
261 574
261 596
261 619
261 641
261 660
261 661
261 702
261 772
261 779
261 792
261 810
261 862
261 867
262 293
262 311
262 319
262 335
262 354
262 375
262 396
262 412
262 434
262 473
262 503
262 546
262 582
262 583
262 633
262 636
262 698
262 703
262 718
262 731
262 775
262 806
262 829
262 967
263 306
263 346
263 365
263 460
263 464
263 490
263 497
263 528
263 606
263 610
263 650
263 696
263 712
263 746
263 817
263 864
263 954
263 969
264 283
264 341
264 433
264 445
264 485
264 507
264 509
264 517
264 522
264 564
264 565
264 573
264 584
264 586
264 610
264 618
264 623
264 643
264 657
264 667
264 678
264 770
264 819
264 952
264 987
264 999
265 295
265 332
265 343
265 346
265 528
265 540
265 580
265 591
265 592
265 621
265 642
265 731
265 747
265 748
265 813
265 917
265 930
265 987
265 994
266 306
266 404
266 592
266 617
266 667
266 765
266 809
266 875
266 904
266 980
267 271
267 325
267 327
267 372
267 536
267 717
267 764
267 819
267 823
267 886
267 980
268 307
268 360
268 414
268 467
268 516
268 574
268 618
268 691
268 733
268 788
268 804
268 814
268 821
268 850
268 903
269 324
269 335
269 374
269 400
269 531
269 540
269 553
269 574
269 600
269 609
269 711
269 843
269 849
269 950
269 973
269 992
269 995
270 284
270 403
270 415
270 435
270 443
270 456
270 467
270 468
270 476
270 567
270 617
270 748
270 800
270 830
270 884
270 886
270 907
270 927
270 950
270 953
271 327
271 361
271 491
271 562
271 567
271 630
271 669
271 755
271 817
271 878
271 917
272 521
272 627
272 671
272 691
272 733
272 735
272 775
272 793
272 832
272 849
273 286
273 327
273 348
273 372
273 386
273 453
273 582
273 626
273 811
273 819
273 919
273 954
273 967
273 987
274 276
274 298
274 363
274 379
274 386
274 414
274 439
274 468
274 471
274 479
274 480
274 486
274 592
274 611
274 641
274 651
274 657
274 677
274 678
274 686
274 687
274 692
274 780
274 802
274 821
274 836
274 864
274 884
274 935
274 941
274 949
274 984
275 297
275 298
275 317
275 381
275 397
275 400
275 665
275 684
275 688
275 802
275 813
275 858
276 402
276 471
276 514
276 640
276 722
276 753
276 754
276 795
276 799
276 846
276 855
277 294
277 304
277 357
277 363
277 380
277 386
277 446
277 485
277 517
277 524
277 531
277 536
277 597
277 620
277 623
277 640
277 660
277 727
277 731
277 766
277 888
277 937
277 940
278 367
278 401
278 493
278 627
278 660
278 687
278 697
278 698
278 752
278 767
278 774
278 796
278 805
278 814
278 819
278 822
278 854
278 895
278 901
278 958
278 967
279 384
279 400
279 439
279 452
279 547
279 572
279 617
279 626
279 688
279 761
279 800
280 282
280 318
280 319
280 320
280 342
280 425
280 454
280 491
280 508
280 559
280 570
280 590
280 605
280 620
280 629
280 665
280 692
280 834
280 861
280 867
280 924
280 927
281 286
281 301
281 306
281 333
281 358
281 401
281 518
281 550
281 574
281 575
281 602
281 655
281 660
281 671
281 674
281 698
281 740
281 811
281 819
281 835
281 858
281 892
281 906
281 948
281 954
281 995
282 325
282 361
282 362
282 372
282 382
282 383
282 393
282 448
282 478
282 531
282 539
282 560
282 594
282 604
282 618
282 622
282 638
282 639
282 659
282 663
282 671
282 682
282 694
282 697
282 706
282 727
282 776
282 827
282 873
282 923
282 929
282 932
282 960
282 968
282 973
282 990
282 991
283 297
283 309
283 325
283 343
283 417
283 460
283 467
283 571
283 574
283 615
283 635
283 901
283 917
283 951
283 957
284 378
284 393
284 462
284 477
284 482
284 500
284 552
284 601
284 609
284 660
284 779
284 798
284 804
284 815
284 833
284 834
284 875
284 915
284 921
284 966
285 315
285 316
285 390
285 423
285 462
285 523
285 544
285 560
285 584
285 688
285 694
285 747
285 772
285 823
285 885
285 891
285 892
285 950
285 959
285 1000
286 304
286 308
286 318
286 325
286 334
286 350
286 358
286 396
286 401
286 421
286 429
286 438
286 480
286 499
286 507
286 508
286 518
286 521
286 524
286 536
286 550
286 554
286 563
286 564
286 574
286 582
286 596
286 614
286 626
286 659
286 665
286 734
286 737
286 765
286 767
286 779
286 937
286 954
286 980
286 984
286 993
287 315
287 322
287 364
287 410
287 675
287 739
287 788
287 804
287 844
287 943
288 294
288 339
288 448
288 471
288 477
288 522
288 531
288 542
288 592
288 633
288 671
288 720
288 741
288 744
288 749
288 750
288 753
288 818
288 823
288 847
288 850
288 854
288 885
288 904
288 906
288 925
288 950
288 990
289 417
289 463
289 476
289 618
289 650
289 730
289 832
289 973
290 449
290 542
290 586
290 595
290 633
290 646
290 674
290 739
290 774
290 820
290 862
290 888
290 954
291 450
291 458
291 486
291 500
291 544
291 571
291 687
291 712
291 756
291 792
291 799
291 826
291 841
291 901
292 313
292 323
292 404
292 425
292 440
292 446
292 460
292 520
292 531
292 536
292 575
292 578
292 605
292 722
292 740
292 788
292 796
292 800
292 805
292 810
292 821
292 896
292 929
292 971
293 296
293 403
293 550
293 633
293 650
293 662
293 664
293 696
293 776
293 851
293 967
293 997
294 388
294 405
294 407
294 480
294 500
294 534
294 539
294 541
294 548
294 580
294 589
294 598
294 612
294 616
294 650
294 672
294 673
294 796
294 859
294 873
294 923
294 934
294 990
295 524
295 532
295 541
295 546
295 547
295 565
295 574
295 624
295 677
295 762
295 769
295 835
295 978
295 1000
296 325
296 338
296 527
296 611
296 778
296 814
296 829
296 930
296 973
297 312
297 326
297 327
297 332
297 335
297 338
297 374
297 443
297 481
297 483
297 503
297 519
297 568
297 601
297 618
297 638
297 644
297 662
297 672
297 767
297 829
297 832
297 904
297 906
297 917
297 919
298 349
298 384
298 418
298 502
298 590
298 628
298 816
298 903
298 942
298 965
298 973
298 996
299 347
299 348
299 404
299 412
299 429
299 493
299 520
299 525
299 547
299 620
299 621
299 632
299 641
299 677
299 688
299 964
299 994
300 308
300 320
300 335
300 346
300 354
300 383
300 509
300 539
300 543
300 612
300 680
300 741
300 815
300 826
300 858
300 988
300 991
301 326
301 328
301 361
301 394
301 528
301 588
301 592
301 795
301 849
302 304
302 345
302 384
302 407
302 448
302 527
302 544
302 582
302 613
302 626
302 705
302 706
302 852
302 853
302 886
303 342
303 354
303 355
303 440
303 475
303 479
303 499
303 512
303 515
303 518
303 581
303 598
303 615
303 620
303 681
303 829
303 850
303 938
303 973
304 310
304 318
304 335
304 346
304 380
304 417
304 469
304 543
304 564
304 566
304 580
304 602
304 620
304 639
304 670
304 683
304 707
304 708
304 717
304 770
304 778
304 812
304 823
304 843
304 866
304 870
304 970
304 983
305 386
305 396
305 465
305 520
305 599
305 602
305 658
305 833
305 967
306 322
306 349
306 414
306 435
306 458
306 462
306 463
306 487
306 519
306 520
306 539
306 591
306 605
306 615
306 632
306 634
306 640
306 656
306 687
306 690
306 726
306 732
306 751
306 754
306 758
306 771
306 785
306 793
306 814
306 817
306 837
306 886
306 917
306 919
306 927
306 942
306 947
306 951
306 959
306 970
306 972
306 986
306 990
307 353
307 357
307 378
307 402
307 433
307 465
307 471
307 487
307 536
307 624
307 637
307 661
307 704
307 771
307 954
307 973
308 316
308 341
308 343
308 363
308 374
308 386
308 403
308 411
308 425
308 478
308 494
308 539
308 580
308 649
308 685
308 798
308 800
308 817
308 829
308 837
308 853
308 861
308 896
309 343
309 360
309 535
309 552
309 639
309 715
309 769
309 805
309 961
309 979
310 315
310 321
310 361
310 365
310 385
310 388
310 425
310 473
310 476
310 544
310 547
310 579
310 614
310 646
310 649
310 778
310 837
310 924
310 952
310 977
311 313
311 325
311 353
311 384
311 397
311 418
311 547
311 571
311 577
311 589
311 665
311 711
311 723
311 788
311 828
311 905
311 930
311 964
312 315
312 401
312 440
312 501
312 558
312 629
312 672
312 744
312 773
312 805
312 969
313 327
313 339
313 356
313 370
313 373
313 440
313 480
313 565
313 623
313 643
313 646
313 667
313 693
313 708
313 731
313 780
313 796
313 805
313 807
313 950
313 979
314 348
314 400
314 427
314 438
314 517
314 545
314 622
314 637
314 660
314 705
314 723
314 727
314 761
314 819
314 828
314 857
314 926
314 941
314 969
314 982
315 326
315 338
315 528
315 548
315 569
315 599
315 708
315 842
315 864
315 876
315 940
315 944
315 965
316 320
316 473
316 476
316 616
316 677
316 718
316 805
316 814
316 825
316 908
317 330
317 425
317 507
317 515
317 564
317 660
317 778
317 788
317 823
317 827
318 337
318 339
318 398
318 418
318 488
318 667
318 677
318 786
318 793
318 798
319 360
319 458
319 463
319 518
319 527
319 578
319 673
319 685
319 701
319 706
319 739
319 785
319 832
319 904
319 905
319 932
320 323
320 331
320 397
320 398
320 399
320 400
320 402
320 411
320 476
320 484
320 512
320 581
320 584
320 599
320 606
320 608
320 632
320 634
320 650
320 761
320 785
320 788
320 797
320 813
320 815
320 848
320 857
320 867
320 870
320 874
320 913
321 336
321 351
321 441
321 444
321 453
321 524
321 573
321 641
321 674
321 686
321 702
321 706
321 764
321 893
321 896
321 912
322 338
322 355
322 364
322 438
322 467
322 476
322 483
322 488
322 511
322 522
322 523
322 560
322 668
322 685
322 704
322 780
322 796
322 801
322 812
322 814
322 850
322 853
322 888
322 900
322 928
322 947
322 954
322 957
322 977
322 986
323 370
323 375
323 394
323 435
323 453
323 468
323 555
323 565
323 595
323 601
323 604
323 620
323 622
323 626
323 633
323 644
323 646
323 683
323 703
323 727
323 730
323 777
323 836
323 841
323 843
323 864
323 870
323 880
323 900
323 920
323 959
323 987
324 325
324 365
324 503
324 518
324 543
324 588
324 589
324 594
324 647
324 688
324 697
324 711
324 729
324 738
324 826
324 870
324 949
324 950
324 975
325 336
325 339
325 350
325 375
325 406
325 418
325 420
325 434
325 465
325 502
325 504
325 548
325 567
325 580
325 595
325 601
325 609
325 660
325 667
325 668
325 676
325 680
325 685
325 697
325 719
325 725
325 770
325 782
325 820
325 822
325 832
325 884
325 903
325 905
325 922
325 964
325 984
326 341
326 363
326 438
326 446
326 462
326 520
326 539
326 546
326 583
326 587
326 599
326 616
326 618
326 630
326 641
326 644
326 649
326 653
326 668
326 677
326 686
326 700
326 717
326 744
326 761
326 775
326 776
326 783
326 793
326 831
326 838
326 857
326 941
327 337
327 348
327 355
327 368
327 370
327 417
327 421
327 496
327 498
327 547
327 631
327 644
327 665
327 706
327 756
327 761
327 770
327 797
327 823
327 837
327 844
327 874
327 924
327 938
327 954
327 960
328 407
328 427
328 594
328 615
328 675
328 683
328 754
328 761
328 855
328 896
328 954
328 966
328 970
328 984
329 337
329 346
329 398
329 418
329 421
329 422
329 475
329 543
329 545
329 556
329 567
329 579
329 621
329 628
329 641
329 646
329 680
329 685
329 688
329 700
329 771
329 788
329 847
329 859
329 900
329 932
329 964
329 967
329 992
330 335
330 343
330 389
330 397
330 441
330 512
330 513
330 526
330 582
330 595
330 685
330 742
330 768
330 781
330 816
330 818
330 823
330 846
330 873
330 886
330 893
330 912
330 941
330 965
331 360
331 482
331 486
331 501
331 507
331 528
331 582
331 622
331 653
331 698
331 784
331 788
331 967
331 978
332 343
332 370
332 382
332 429
332 435
332 448
332 467
332 477
332 482
332 494
332 520
332 636
332 695
332 715
332 726
332 730
332 741
332 813
332 825
332 853
332 865
332 919
333 383
333 410
333 413
333 429
333 440
333 448
333 477
333 478
333 490
333 522
333 543
333 632
333 664
333 666
333 678
333 699
333 700
333 758
333 815
333 832
333 844
333 847
333 849
333 860
333 882
333 892
334 348
334 433
334 456
334 476
334 538
334 539
334 540
334 547
334 561
334 595
334 611
334 663
334 710
334 713
334 748
334 751
334 774
334 833
334 872
334 983
335 358
335 371
335 420
335 427
335 447
335 453
335 492
335 511
335 531
335 543
335 586
335 637
335 734
335 758
335 778
335 805
335 846
335 876
335 885
335 902
335 903
335 937
335 940
335 942
335 986
335 995
336 339
336 385
336 402
336 460
336 469
336 495
336 522
336 525
336 543
336 547
336 837
336 853
336 861
336 887
336 890
336 995
337 349
337 350
337 376
337 390
337 411
337 512
337 536
337 587
337 589
337 600
337 614
337 691
337 723
337 775
337 846
337 853
337 858
337 915
337 995
338 342
338 373
338 385
338 390
338 408
338 417
338 433
338 451
338 456
338 488
338 552
338 553
338 598
338 599
338 627
338 662
338 686
338 693
338 721
338 755
338 778
338 814
338 834
338 853
338 858
338 875
338 877
338 923
338 937
338 954
339 433
339 490
339 537
339 543
339 551
339 564
339 587
339 616
339 620
339 679
339 790
339 936
339 969
339 982
340 367
340 372
340 389
340 534
340 535
340 646
340 685
340 705
340 713
340 762
340 796
340 849
340 854
340 997
341 359
341 411
341 428
341 477
341 599
341 652
341 653
341 657
341 698
341 714
341 725
341 761
341 772
341 850
341 904
341 995
342 363
342 365
342 416
342 443
342 502
342 505
342 520
342 541
342 557
342 564
342 574
342 585
342 619
342 647
342 649
342 652
342 676
342 723
342 727
342 766
342 798
342 827
342 876
342 881
343 361
343 363
343 435
343 441
343 498
343 508
343 525
343 591
343 594
343 635
343 654
343 805
343 885
343 958
343 961
344 349
344 362
344 371
344 415
344 445
344 515
344 522
344 539
344 566
344 591
344 618
344 647
344 676
344 715
344 719
344 723
344 749
344 786
344 791
344 856
344 990
344 994
345 387
345 458
345 464
345 499
345 528
345 595
345 617
345 698
345 748
345 758
345 814
345 950
345 973
346 352
346 357
346 369
346 414
346 427
346 464
346 474
346 500
346 509
346 527
346 536
346 547
346 590
346 600
346 603
346 620
346 626
346 664
346 671
346 677
346 683
346 702
346 714
346 717
346 721
346 744
346 753
346 787
346 791
346 905
346 911
346 966
346 970
347 384
347 480
347 595
347 622
347 710
347 805
347 868
347 882
347 943
347 945
347 993
348 368
348 394
348 448
348 471
348 472
348 502
348 522
348 565
348 578
348 581
348 583
348 633
348 670
348 702
348 762
348 768
348 827
348 889
348 913
348 932
348 954
349 432
349 439
349 459
349 470
349 477
349 479
349 494
349 501
349 513
349 515
349 521
349 522
349 573
349 575
349 589
349 604
349 644
349 677
349 678
349 729
349 781
349 841
349 890
349 912
349 972
350 372
350 374
350 407
350 465
350 536
350 627
350 757
350 772
350 805
350 832
351 383
351 464
351 465
351 475
351 547
351 608
351 683
351 712
351 722
351 734
351 736
351 755
351 875
351 984
352 463
352 465
352 468
352 488
352 537
352 562
352 581
352 593
352 642
352 644
352 655
352 656
352 685
352 691
352 698
352 723
352 805
352 833
352 852
353 355
353 408
353 436
353 439
353 485
353 571
353 580
353 589
353 597
353 641
353 702
353 937
354 356
354 389
354 465
354 483
354 567
354 626
354 633
354 778
354 857
354 892
355 361
355 395
355 418
355 421
355 425
355 446
355 460
355 508
355 509
355 590
355 614
355 729
355 730
355 747
355 776
355 833
355 871
355 888
355 910
355 941
355 958
355 1000
356 401
356 479
356 528
356 550
356 591
356 598
356 660
356 691
356 766
356 866
356 908
356 933
356 944
356 954
357 416
357 500
357 588
357 693
357 747
357 766
357 769
357 775
357 929
357 939
357 960
357 963
357 992
357 996
358 391
358 462
358 561
358 574
358 719
358 809
358 811
358 864
358 875
358 879
359 376
359 485
359 544
359 567
359 598
359 622
359 715
359 749
359 782
359 817
359 884
359 890
359 901
359 980
360 365
360 422
360 463
360 470
360 484
360 503
360 572
360 580
360 582
360 586
360 613
360 648
360 674
360 685
360 694
360 702
360 812
360 833
360 875
360 877
360 902
360 915
360 918
360 954
360 962
360 969
360 973
361 386
361 453
361 474
361 491
361 500
361 508
361 531
361 580
361 586
361 594
361 611
361 614
361 618
361 669
361 686
361 711
361 712
361 780
361 840
361 847
361 874
361 896
361 931
361 942
361 980
361 990
362 374
362 384
362 696
362 738
362 769
362 867
363 485
363 599
363 628
363 679
363 682
363 766
363 820
363 894
363 962
364 376
364 401
364 512
364 533
364 597
364 660
364 662
364 689
364 703
364 714
364 764
364 847
364 876
364 962
364 985
364 990
365 476
365 512
365 576
365 804
365 819
365 822
365 849
365 862
365 876
365 877
365 942
366 383
366 546
366 551
366 556
366 680
366 691
366 724
366 764
366 843
366 870
366 871
367 379
367 392
367 431
367 466
367 472
367 549
367 554
367 578
367 609
367 667
367 687
367 721
367 770
367 827
367 828
367 904
367 938
368 386
368 391
368 417
368 479
368 492
368 528
368 536
368 632
368 642
368 653
368 718
368 763
368 823
368 827
368 846
368 873
368 879
368 881
368 903
368 928
368 933
368 984
369 392
369 398
369 405
369 411
369 412
369 425
369 445
369 455
369 456
369 460
369 519
369 527
369 578
369 598
369 635
369 637
369 650
369 684
369 688
369 705
369 721
369 783
369 786
369 804
369 833
369 849
369 900
369 919
369 937
369 939
370 396
370 450
370 531
370 535
370 560
370 574
370 614
370 646
370 649
370 708
370 714
370 728
370 732
370 742
370 871
370 901
370 918
370 999
371 382
371 566
371 592
371 602
371 671
371 702
371 725
371 766
371 799
371 884
371 896
371 942
371 973
372 415
372 460
372 481
372 505
372 515
372 547
372 601
372 633
372 636
372 638
372 676
372 686
372 687
372 725
372 739
372 759
372 770
372 789
372 819
372 906
372 937
372 959
372 961
373 490
373 541
373 598
373 621
373 705
373 711
373 761
373 784
373 850
373 906
373 907
373 929
374 385
374 391
374 400
374 434
374 467
374 472
374 500
374 502
374 510
374 541
374 567
374 586
374 631
374 669
374 692
374 719
374 726
374 729
374 782
374 794
374 812
374 835
374 836
374 846
374 871
374 883
374 889
374 894
374 938
374 962
374 967
374 970
374 984
374 986
374 987
375 416
375 482
375 507
375 522
375 548
375 575
375 619
375 653
375 684
375 705
375 764
375 891
375 899
375 915
375 991
375 996
375 1000
376 398
376 418
376 429
376 544
376 582
376 610
376 631
376 641
376 646
376 647
376 661
376 675
376 677
376 705
376 720
376 742
376 758
376 813
376 842
376 846
376 871
376 923
376 927
376 941
376 959
376 997
377 397
377 425
377 506
377 571
377 578
377 618
377 682
377 761
377 775
377 811
377 814
377 945
377 983
378 402
378 447
378 543
378 620
378 651
378 668
378 688
378 700
378 706
378 864
378 871
378 967
379 429
379 451
379 476
379 483
379 488
379 612
379 641
379 662
379 688
379 756
379 794
379 824
379 849
379 904
379 926
380 454
380 526
380 592
380 602
380 614
380 693
380 802
380 821
380 880
380 891
380 931
380 947
380 950
380 964
380 967
380 975
380 982
381 401
381 490
381 617
381 642
381 671
381 723
381 741
381 766
381 837
381 868
381 966
381 970
382 396
382 443
382 460
382 525
382 580
382 618
382 622
382 632
382 670
382 687
382 708
382 715
382 719
382 733
382 764
382 876
382 901
382 910
382 922
382 954
382 973
382 979
382 995
382 999
383 396
383 415
383 420
383 430
383 486
383 493
383 527
383 535
383 536
383 577
383 618
383 627
383 650
383 677
383 778
383 788
383 812
383 822
383 878
383 923
383 954
383 966
384 389
384 408
384 416
384 447
384 464
384 473
384 498
384 507
384 529
384 530
384 543
384 560
384 564
384 583
384 596
384 602
384 665
384 677
384 758
384 760
384 761
384 779
384 799
384 805
384 819
384 890
384 906
384 909
384 999
385 459
385 490
385 520
385 536
385 693
385 722
385 731
385 820
385 827
385 838
385 843
385 889
385 935
386 503
386 518
386 528
386 548
386 646
386 658
386 661
386 686
386 692
386 712
386 717
386 728
386 785
386 808
386 818
386 883
386 886
386 931
386 1000
387 482
387 512
387 527
387 574
387 633
387 639
387 665
387 690
387 714
387 716
387 718
387 775
387 781
387 799
387 841
387 853
387 867
387 912
387 967
387 968
387 989
388 416
388 447
388 460
388 512
388 519
388 544
388 549
388 572
388 686
388 730
388 737
388 773
388 781
388 829
388 842
388 865
388 893
388 957
388 985
389 391
389 395
389 406
389 438
389 442
389 458
389 474
389 560
389 566
389 586
389 590
389 616
389 636
389 639
389 655
389 664
389 682
389 699
389 765
389 775
389 784
389 790
389 823
389 850
389 881
390 409
390 444
390 464
390 512
390 527
390 537
390 557
390 667
390 729
390 730
390 749
390 789
390 806
390 908
390 993
391 435
391 467
391 484
391 535
391 544
391 591
391 650
391 665
391 683
391 685
391 690
391 805
391 832
391 903
391 973
391 977
392 487
392 556
392 619
392 706
392 733
392 885
392 939
393 410
393 413
393 458
393 472
393 580
393 618
393 787
393 809
393 832
393 871
393 884
393 885
393 894
393 929
393 990
394 467
394 501
394 544
394 615
394 731
394 849
395 440
395 471
395 503
395 596
395 612
395 622
395 660
395 663
395 777
396 470
396 471
396 481
396 545
396 655
396 669
396 695
396 723
396 743
396 811
396 813
396 826
396 838
396 910
396 953
396 995
397 401
397 425
397 543
397 872
398 429
398 465
398 484
398 535
398 554
398 561
398 584
398 590
398 615
398 620
398 685
398 796
398 798
398 833
398 847
398 863
398 914
398 939
398 943
398 985
399 465
399 566
399 609
399 723
399 858
399 915
399 928
399 941
400 439
400 452
400 476
400 514
400 570
400 670
400 682
400 711
400 726
400 757
400 758
400 872
400 886
400 927
400 941
400 950
400 961
400 992
401 403
401 411
401 418
401 447
401 487
401 489
401 496
401 502
401 528
401 577
401 584
401 614
401 629
401 642
401 665
401 669
401 683
401 696
401 705
401 708
401 718
401 777
401 784
401 799
401 827
401 863
401 946
401 958
401 968
402 485
402 486
402 488
402 493
402 536
402 614
402 633
402 667
402 943
403 412
403 676
403 705
403 765
403 805
403 807
403 833
403 857
403 967
404 579
404 605
404 616
404 617
404 723
404 772
404 809
404 846
404 853
404 918
405 455
405 535
405 569
405 590
405 607
405 810
406 412
406 447
406 538
406 630
406 893
406 961
407 431
407 443
407 444
407 467
407 485
407 500
407 535
407 565
407 575
407 626
407 679
407 706
407 761
407 789
407 805
407 814
407 822
407 834
407 845
407 921
407 936
407 972
408 487
408 502
408 543
408 604
408 668
408 743
408 888
408 915
409 440
409 503
409 513
409 563
409 584
409 585
409 596
409 604
409 614
409 760
409 819
409 826
409 838
409 924
409 941
409 946
409 967
410 421
410 439
410 445
410 474
410 600
410 711
410 777
410 847
410 939
410 961
411 580
411 614
411 672
411 689
411 783
411 972
412 413
412 419
412 437
412 500
412 531
412 533
412 547
412 612
412 649
412 653
412 702
412 756
412 766
412 771
412 778
412 888
412 891
412 976
412 980
412 996
413 454
413 530
413 536
413 590
413 595
413 610
413 658
413 855
413 864
413 874
414 433
414 447
414 493
414 506
414 522
414 563
414 635
414 650
414 696
414 699
414 788
414 803
414 841
414 847
414 854
414 860
414 880
414 888
414 898
414 920
414 935
414 943
414 1000
415 422
415 683
415 686
415 705
415 769
415 778
415 829
415 921
416 447
416 474
416 705
416 964
416 973
417 437
417 471
417 492
417 495
417 497
417 509
417 524
417 528
417 541
417 586
417 593
417 596
417 612
417 616
417 629
417 661
417 666
417 687
417 753
417 794
417 850
417 864
417 877
417 900
417 913
417 937
417 996
418 423
418 465
418 544
418 547
418 567
418 620
418 697
418 737
418 905
418 913
419 465
419 525
419 542
419 558
419 587
419 706
419 720
419 778
419 896
419 941
419 965
419 996
420 432
420 437
420 440
420 455
420 474
420 482
420 493
420 532
420 535
420 559
420 571
420 581
420 602
420 615
420 655
420 677
420 685
420 689
420 704
420 721
420 771
420 810
420 869
420 872
420 914
420 944
420 963
420 964
420 995
421 436
421 449
421 467
421 521
421 688
421 697
421 733
421 783
421 838
421 842
421 872
421 874
421 911
421 975
421 983
422 445
422 466
422 469
422 477
422 511
422 599
422 717
422 773
422 815
422 850
422 954
422 970
423 524
423 618
423 733
423 805
423 849
423 937
424 434
424 439
424 482
424 498
424 512
424 686
424 721
424 822
424 824
424 967
425 500
425 509
425 554
425 567
425 576
425 607
425 678
425 681
425 686
425 719
425 723
425 730
425 769
425 825
425 833
425 885
425 899
425 912
425 964
425 990
426 435
426 460
426 579
426 607
426 615
426 775
426 871
426 968
426 977
427 530
427 617
427 627
427 641
427 826
427 975
428 467
428 479
428 546
428 547
428 568
428 571
428 593
428 595
428 599
428 633
428 685
428 829
428 907
428 966
429 495
429 546
429 574
429 582
429 596
429 603
429 613
429 622
429 656
429 682
429 742
429 814
429 854
429 896
429 897
429 924
429 990
430 580
430 651
430 667
430 683
430 713
430 872
430 936
430 972
430 980
431 468
431 498
431 512
431 827
431 899
431 924
431 955
431 962
431 980
432 462
432 521
432 602
432 610
432 662
432 672
432 683
432 685
432 688
432 805
432 853
432 934
433 490
433 540
433 546
433 549
433 571
433 632
433 652
433 829
433 883
433 884
433 902
433 948
433 988
434 454
434 483
434 601
434 649
434 673
434 685
434 711
434 907
434 924
434 944
435 453
435 455
435 472
435 525
435 540
435 546
435 565
435 597
435 613
435 621
435 639
435 663
435 684
435 687
435 701
435 702
435 708
435 710
435 721
435 734
435 785
435 858
435 869
435 901
435 936
435 946
435 960
436 579
436 609
436 728
436 739
436 850
436 888
437 464
437 557
437 737
437 785
437 792
437 820
437 998
438 493
438 496
438 516
438 588
438 601
438 611
438 615
438 677
438 815
438 872
439 442
439 487
439 508
439 518
439 597
439 657
439 686
439 701
439 702
439 724
439 730
439 738
439 743
439 755
439 767
439 772
439 786
439 800
439 805
439 836
439 861
439 881
439 898
439 901
439 904
439 913
439 964
440 453
440 461
440 491
440 496
440 517
440 521
440 546
440 560
440 586
440 595
440 669
440 682
440 686
440 696
440 748
440 807
440 814
440 841
440 845
440 870
440 912
440 948
440 949
440 965
440 970
440 972
440 973
440 996
441 562
441 636
441 665
441 673
441 733
441 850
441 901
441 905
441 984
441 1000
442 460
442 481
442 502
442 511
442 631
442 656
442 768
442 804
442 809
442 849
442 903
442 949
442 967
442 994
443 445
443 457
443 549
443 560
443 582
443 620
443 640
443 693
443 752
443 771
443 794
443 834
443 888
443 964
444 490
444 508
444 512
444 535
444 590
444 591
444 627
444 653
444 685
444 756
444 761
444 864
444 938
444 987
445 485
445 521
445 772
445 822
445 853
445 858
445 872
445 885
445 952
446 461
446 572
446 761
446 785
446 821
446 826
446 833
446 899
447 459
447 461
447 464
447 475
447 478
447 574
447 587
447 598
447 599
447 741
447 789
447 801
447 875
447 894
447 906
448 502
448 535
448 618
448 778
448 800
448 810
448 858
448 902
448 954
448 967
449 453
449 482
449 554
449 633
449 651
449 802
449 807
449 813
449 837
449 864
449 898
449 937
449 949
450 478
450 500
450 534
450 579
450 609
450 620
450 623
450 817
450 850
450 889
450 987
451 490
451 522
451 604
451 618
451 623
451 741
451 744
451 849
451 997
452 514
452 517
452 533
452 579
452 668
452 669
452 686
452 739
452 819
452 877
452 880
453 454
453 474
453 485
453 545
453 568
453 602
453 637
453 730
453 747
453 762
453 850
453 887
453 892
453 922
453 979
453 985
454 470
454 473
454 497
454 526
454 531
454 551
454 583
454 594
454 616
454 646
454 649
454 733
454 769
454 799
454 892
454 899
454 949
454 954
454 970
454 973
455 475
455 483
455 504
455 522
455 591
455 612
455 634
455 646
455 647
455 662
455 688
455 737
455 772
455 793
455 812
455 846
455 868
455 871
455 877
455 891
455 925
455 984
456 471
456 515
456 560
456 592
456 627
456 669
456 677
456 732
456 804
456 829
457 589
457 610
457 612
457 617
457 620
457 685
457 717
457 847
457 883
457 926
457 973
457 985
458 469
458 471
458 478
458 534
458 556
458 587
458 620
458 627
458 647
458 653
458 658
458 665
458 749
458 770
458 782
458 787
458 796
458 827
458 871
458 895
458 915
458 926
458 948
458 950
458 978
458 983
458 992
459 479
459 578
459 839
459 843
459 863
459 870
459 892
459 897
459 915
459 926
459 950
459 996
460 522
460 654
460 660
460 788
460 804
460 839
460 846
460 871
460 957
461 497
461 528
461 564
461 579
461 656
461 667
461 680
461 711
461 778
461 820
461 843
461 848
461 991
461 995
462 520
462 612
462 780
462 906
463 472
463 566
463 601
463 626
463 636
463 857
463 858
463 963
464 497
464 517
464 608
464 686
464 698
464 734
464 748
464 754
464 778
464 809
464 871
464 886
464 904
465 477
465 536
465 544
465 548
465 567
465 620
465 640
465 659
465 665
465 686
465 793
465 794
465 808
465 815
465 829
465 836
465 877
465 885
465 898
465 904
465 905
465 964
465 983
466 498
466 671
466 677
466 731
466 991
467 478
467 487
467 509
467 524
467 600
467 609
467 620
467 640
467 647
467 662
467 684
467 735
467 768
467 782
467 825
467 840
467 846
467 850
467 853
467 862
467 897
467 905
467 939
467 949
467 953
467 991
468 526
468 542
468 547
468 580
468 588
468 599
468 617
468 697
468 699
468 707
468 737
468 748
468 764
468 799
468 829
468 849
468 862
468 901
468 914
468 964
469 814
469 822
469 887
470 510
470 523
470 543
470 573
470 586
470 599
470 617
470 658
470 677
470 679
470 715
470 730
470 771
470 775
470 782
470 869
470 917
470 919
470 930
470 939
470 945
471 506
471 511
471 512
471 515
471 522
471 546
471 566
471 590
471 626
471 677
471 704
471 708
471 730
471 744
471 745
471 777
471 795
471 834
471 846
471 857
471 898
471 900
471 904
471 938
471 971
471 993
471 997
472 478
472 498
472 590
472 612
472 617
472 762
472 779
472 896
472 950
472 960
472 969
472 971
473 475
473 571
473 597
473 655
473 686
473 858
474 515
474 577
474 649
474 677
475 478
475 503
475 508
475 560
475 592
475 605
475 613
475 627
475 641
475 661
475 681
475 768
475 782
475 805
475 810
475 848
475 884
475 888
475 991
476 482
476 505
476 540
476 570
476 573
476 580
476 595
476 613
476 635
476 706
476 718
476 746
476 754
476 774
476 780
476 784
476 873
476 893
476 894
476 908
476 921
476 956
476 973
477 502
477 522
477 528
477 552
477 581
477 606
477 619
477 632
477 653
477 664
477 686
477 694
477 727
477 802
477 820
477 823
477 833
477 837
477 850
477 858
477 862
477 881
477 921
477 929
477 931
477 962
477 997
478 543
478 544
478 596
478 610
478 622
478 763
478 782
478 818
478 864
478 902
478 950
478 956
478 961
478 969
478 971
478 984
479 531
479 649
479 696
479 800
479 824
479 861
479 862
479 879
480 486
480 521
480 624
480 629
480 670
480 692
480 720
480 747
480 796
480 897
480 955
480 969
481 535
481 566
481 628
481 650
481 663
481 670
481 732
482 487
482 543
482 546
482 554
482 609
482 632
482 692
482 748
482 770
482 800
482 812
482 858
482 884
482 991
483 487
483 537
483 554
483 595
483 618
483 640
483 711
483 723
483 799
484 546
484 651
484 660
484 790
484 872
484 893
484 908
485 531
485 536
485 541
485 547
485 586
485 601
485 618
485 632
485 649
485 652
485 671
485 705
485 780
485 784
485 834
485 929
485 949
485 974
485 996
486 511
486 546
486 560
486 585
486 601
486 727
486 804
486 818
486 820
486 864
486 871
486 968
487 496
487 509
487 622
487 645
487 669
487 670
487 678
487 693
487 814
487 827
487 875
487 988
488 501
488 552
488 586
488 611
488 620
488 735
488 769
488 789
488 791
488 806
488 856
488 875
488 902
489 528
489 618
489 722
489 738
489 805
489 829
489 846
489 944
489 973
490 505
490 510
490 518
490 573
490 632
490 683
490 711
490 758
490 762
490 763
490 775
490 788
490 809
490 820
490 854
490 859
490 881
490 906
490 913
490 915
490 923
490 999
491 551
491 581
491 613
491 635
491 690
491 785
491 792
491 796
491 846
491 885
491 920
491 983
492 520
492 526
492 649
492 765
492 794
492 804
492 879
492 926
492 967
493 497
493 518
493 662
493 742
493 841
493 945
493 984
494 591
494 600
494 624
494 639
494 641
494 768
494 834
494 955
494 980
494 990
495 604
495 649
495 794
495 832
495 915
495 968
496 501
496 553
496 576
496 628
496 714
496 753
496 880
496 883
496 913
496 920
496 982
496 996
497 567
497 597
497 644
497 652
497 672
497 684
497 695
497 717
497 721
497 739
497 768
497 824
497 858
497 869
497 889
497 916
497 924
497 996
498 536
498 592
498 604
498 618
498 622
498 627
498 657
498 703
498 717
498 771
498 837
498 878
498 887
498 954
498 971
498 972
499 524
499 586
499 621
499 641
499 681
499 741
499 772
499 799
499 910
499 914
500 523
500 528
500 546
500 591
500 599
500 603
500 604
500 620
500 645
500 656
500 677
500 699
500 711
500 722
500 745
500 768
500 811
500 814
500 903
500 918
500 971
500 995
501 535
501 779
501 844
501 857
501 898
501 928
501 961
502 547
502 563
502 579
502 595
502 609
502 685
502 706
502 743
502 749
502 812
502 821
502 829
502 838
502 870
502 877
502 880
502 913
502 949
502 969
502 981
502 998
503 549
503 563
503 576
503 591
503 641
503 669
503 733
503 759
503 783
503 798
503 855
503 880
503 930
503 954
503 971
503 997
504 524
504 577
504 614
504 686
504 886
504 954
504 984
505 515
505 564
505 566
505 609
505 663
505 688
505 697
505 785
505 901
505 991
506 546
506 555
506 611
506 669
506 805
506 825
506 870
506 875
506 938
506 967
507 696
507 748
507 749
507 784
507 794
507 857
507 967
507 984
508 535
508 557
508 596
508 601
508 603
508 650
508 744
508 750
508 769
508 798
508 850
508 869
508 903
508 920
508 928
509 593
509 595
509 619
509 658
509 789
509 811
509 815
509 832
509 853
509 969
510 559
510 622
510 641
510 680
510 705
510 904
510 984
511 512
511 566
511 588
511 594
511 640
511 644
511 691
511 705
511 751
511 758
511 803
511 822
511 828
511 844
511 857
512 551
512 590
512 598
512 627
512 655
512 657
512 696
512 706
512 712
512 715
512 734
512 740
512 750
512 770
512 786
512 799
512 826
512 906
512 908
512 955
512 965
513 552
513 631
513 651
513 886
514 652
514 666
514 680
514 696
514 730
514 754
514 764
514 782
514 783
514 826
514 846
514 848
514 850
514 873
514 957
514 988
515 592
515 621
515 691
515 808
515 878
516 548
516 592
516 594
516 617
516 620
516 675
516 695
516 713
516 747
516 780
516 821
516 899
516 901
516 927
516 942
516 984
517 571
517 577
517 673
517 693
517 712
517 746
517 819
517 872
517 882
517 904
517 919
517 950
517 996
518 605
518 631
518 648
518 662
518 674
518 717
518 743
518 789
518 823
518 886
518 901
518 960
519 540
519 580
519 604
519 691
519 705
519 748
519 751
519 779
519 790
519 914
519 917
519 934
519 960
520 581
520 586
520 744
520 764
520 768
520 857
520 916
520 938
520 964
520 996
521 531
521 533
521 574
521 614
521 656
521 661
521 674
521 680
521 719
521 743
521 763
521 767
521 796
521 800
521 808
521 861
521 874
521 890
521 932
521 940
521 941
521 954
521 971
521 988
522 533
522 610
522 701
522 832
522 843
522 849
522 901
522 903
522 982
523 580
523 623
523 636
523 671
523 691
523 819
523 860
523 890
524 588
524 643
524 667
524 675
524 695
524 753
524 760
524 795
524 824
524 840
524 883
524 886
524 895
524 916
524 924
524 954
524 960
524 974
524 988
525 547
525 591
525 598
525 620
525 627
525 636
525 654
525 700
525 731
525 772
525 780
525 782
525 853
525 913
525 932
525 957
525 980
525 988
526 573
526 611
526 625
526 669
526 686
526 761
526 841
526 850
526 861
526 865
526 892
527 528
527 554
527 571
527 620
527 666
527 672
527 791
527 826
527 834
527 875
527 994
528 540
528 590
528 610
528 613
528 616
528 654
528 655
528 673
528 691
528 717
528 761
528 763
528 793
528 805
528 830
528 831
528 840
528 878
528 896
528 904
528 982
528 984
528 996
529 618
529 730
529 769
529 861
529 871
529 905
529 921
529 925
530 546
530 596
530 655
530 681
530 726
530 786
530 913
531 552
531 567
531 649
531 688
531 738
531 778
531 794
531 998
531 1000
532 533
532 546
532 565
532 582
532 618
532 660
532 708
532 810
532 817
532 819
532 829
532 937
532 973
533 634
533 635
533 638
533 666
533 679
533 779
533 865
533 938
533 975
533 996
534 668
534 681
534 692
534 705
534 750
534 793
534 828
534 838
534 922
534 947
535 552
535 571
535 578
535 580
535 586
535 588
535 671
535 735
535 758
535 783
535 872
535 881
535 904
535 916
535 970
536 538
536 552
536 575
536 608
536 647
536 691
536 779
536 780
536 781
536 794
536 804
536 887
536 939
536 990
537 640
537 754
537 812
537 821
537 908
538 556
538 564
538 612
538 641
538 677
538 754
538 797
538 813
538 816
538 861
538 883
538 917
538 972
539 543
539 566
539 591
539 601
539 610
539 696
539 750
539 751
539 761
539 809
539 844
539 871
539 990
540 555
540 560
540 565
540 566
540 613
540 668
540 674
540 692
540 703
540 705
540 711
540 732
540 786
540 801
540 805
540 810
540 831
540 834
540 840
540 849
540 904
540 917
540 938
540 967
540 973
540 974
540 986
541 551
541 592
541 593
541 594
541 643
541 676
541 696
541 788
541 792
541 835
541 846
541 938
541 960
542 641
542 719
542 726
542 739
542 749
542 769
542 813
542 958
542 979
543 548
543 584
543 594
543 595
543 604
543 621
543 630
543 665
543 683
543 733
543 747
543 774
543 776
543 780
543 818
543 821
543 826
543 835
543 836
543 849
543 869
543 885
543 978
543 982
543 994
544 562
544 568
544 609
544 660
544 739
544 751
544 765
544 786
544 812
544 853
544 901
544 921
544 925
545 764
545 810
545 815
545 829
545 874
546 578
546 598
546 667
546 707
546 807
546 821
546 852
546 857
546 861
546 915
546 917
546 938
547 549
547 558
547 561
547 571
547 604
547 609
547 613
547 614
547 619
547 636
547 663
547 723
547 728
547 784
547 798
547 802
547 811
547 846
547 850
547 884
547 895
547 905
547 916
547 946
547 961
547 964
547 968
547 981
547 989
548 591
548 598
548 605
548 619
548 620
548 627
548 671
548 705
548 721
548 722
548 740
548 782
548 793
548 852
548 946
548 987
549 564
549 605
549 612
549 671
549 681
549 713
549 812
549 857
549 878
549 904
550 574
550 583
550 636
550 660
550 749
550 750
550 766
550 775
550 866
550 924
550 925
550 962
550 980
550 1000
551 686
551 772
551 809
551 845
551 857
551 902
551 916
552 601
552 648
552 705
552 717
552 784
552 904
552 937
552 963
552 964
553 861
553 897
553 960
553 973
554 592
554 647
554 657
554 718
554 736
554 790
554 800
554 801
554 906
554 915
554 921
554 961
555 597
555 632
555 655
555 658
555 677
555 746
555 775
555 823
555 832
555 847
555 850
555 868
555 922
555 946
555 949
556 804
556 820
556 901
557 594
557 703
557 707
557 848
557 861
557 881
557 932
558 560
558 677
558 774
558 802
558 810
558 967
558 997
559 578
559 586
559 702
559 796
559 882
559 933
559 969
560 588
560 657
560 667
560 694
560 806
560 813
560 835
560 841
560 853
560 857
560 887
560 894
560 896
560 964
560 987
561 592
561 679
561 761
561 773
561 807
561 870
561 901
562 780
562 861
562 903
562 931
562 941
562 947
562 980
562 994
562 997
563 576
563 646
563 748
563 772
563 815
563 837
563 857
563 965
564 572
564 596
564 617
564 626
564 639
564 643
564 660
564 670
564 715
564 767
564 775
564 794
564 805
564 841
564 845
564 852
564 915
564 935
564 997
565 681
565 703
565 758
565 777
565 784
565 901
565 962
565 969
566 675
566 720
566 739
566 761
566 861
566 872
566 902
566 985
567 606
567 620
567 629
567 674
567 685
567 737
567 767
567 779
567 845
567 923
567 927
567 955
567 972
567 985
568 622
568 668
568 703
568 753
568 814
568 890
568 905
568 917
568 928
568 980
569 580
569 618
569 626
569 646
569 653
569 814
569 870
569 934
570 576
570 656
570 799
570 933
571 583
571 597
571 600
571 611
571 635
571 655
571 661
571 723
571 729
571 736
571 789
571 815
571 883
571 889
571 908
571 916
571 927
571 931
571 940
571 956
571 970
571 989
572 590
572 748
572 790
572 832
572 926
572 944
573 595
573 623
573 655
573 747
573 818
573 894
573 901
573 906
573 929
574 621
574 626
574 641
574 646
574 669
574 688
574 751
574 822
574 852
574 892
574 921
574 967
574 971
574 988
575 611
575 612
575 617
575 632
575 655
575 901
575 995
576 644
576 648
576 681
576 687
576 729
576 752
576 778
576 780
576 805
576 845
576 890
576 916
576 945
577 584
577 587
577 588
577 598
577 605
577 618
577 653
577 655
577 683
577 696
577 712
577 810
577 816
577 832
577 885
577 895
577 924
577 986
578 612
578 625
578 637
578 650
578 667
578 840
578 878
578 889
578 916
578 961
579 660
579 685
579 697
579 878
579 884
579 949
579 985
579 996
580 638
580 707
580 752
580 794
580 829
580 833
580 844
580 865
580 905
580 912
580 985
581 693
581 734
581 749
581 777
581 989
582 613
582 801
582 907
582 922
582 936
582 941
582 954
582 970
582 1000
583 594
583 598
583 601
583 729
583 775
583 778
583 829
583 834
583 889
583 925
583 933
583 976
584 611
584 886
585 622
585 649
585 818
585 832
585 838
585 900
585 929
585 964
586 633
586 661
586 691
586 770
586 773
586 807
586 817
586 831
586 878
586 879
586 919
586 977
587 601
587 623
587 677
587 775
587 849
587 947
587 987
587 992
588 614
588 627
588 645
588 667
588 700
588 867
588 913
588 976
589 604
589 608
589 640
589 691
589 720
589 727
589 746
589 829
589 838
589 841
589 964
590 627
590 635
590 646
590 652
590 656
590 720
590 739
590 744
590 763
590 769
590 781
590 834
590 837
590 854
590 858
590 892
590 945
590 955
590 958
590 959
590 976
591 592
591 599
591 637
591 661
591 664
591 744
591 750
591 766
591 770
591 780
591 786
591 791
591 793
591 801
591 807
591 823
591 852
591 881
591 902
591 936
591 949
592 605
592 611
592 650
592 682
592 694
592 712
592 742
592 745
592 750
592 768
592 770
592 780
592 823
592 835
592 838
592 846
592 894
592 895
592 927
592 966
592 969
593 613
593 662
593 717
593 737
593 761
593 878
593 924
594 764
594 772
594 855
594 950
594 977
595 599
595 611
595 623
595 705
595 715
595 725
595 758
595 784
595 788
595 806
595 822
595 857
595 861
595 873
595 905
595 907
595 911
595 933
595 953
595 980
595 981
595 994
596 632
596 753
596 805
596 824
596 850
596 855
596 869
596 896
596 901
596 903
596 939
596 943
596 949
596 953
596 970
596 995
597 619
597 623
597 668
597 695
597 755
597 790
597 849
597 857
597 871
597 875
597 881
597 927
597 942
597 945
597 1000
598 611
598 620
598 636
598 654
598 717
598 726
598 736
598 757
598 765
598 771
598 787
598 825
598 863
598 866
598 871
599 640
599 685
599 692
599 747
599 748
599 785
599 799
599 820
599 835
599 888
599 893
599 972
599 978
600 607
600 620
600 670
600 687
600 723
600 817
600 849
600 890
600 951
600 963
600 966
600 967
601 616
601 664
601 797
601 822
601 830
601 879
601 895
601 900
601 901
601 941
602 677
602 723
602 753
602 813
602 822
602 846
602 852
602 889
603 611
603 628
603 633
603 681
603 683
603 747
603 759
603 769
603 798
603 801
603 835
603 861
603 922
604 622
604 668
604 702
604 754
604 766
604 784
604 840
604 846
604 859
604 867
604 870
604 871
604 932
604 946
604 982
605 616
605 632
605 660
605 668
605 827
605 860
605 864
605 871
605 892
605 906
605 915
605 922
606 687
606 778
606 802
606 991
607 641
607 671
607 697
607 738
607 756
607 809
608 630
608 658
608 683
608 724
608 756
608 849
608 861
609 660
609 663
609 737
609 879
609 953
609 964
609 973
609 987
609 988
609 999
610 622
610 707
610 762
610 794
610 824
610 885
611 623
611 638
611 641
611 656
611 683
611 695
611 721
611 729
611 814
611 821
611 855
611 864
611 866
611 878
611 880
611 897
611 914
611 920
611 929
611 939
611 948
611 970
611 979
612 613
612 620
612 634
612 650
612 698
612 739
612 760
612 789
612 808
612 814
612 850
612 916
612 948
612 980
613 641
613 667
613 671
613 685
613 723
613 746
613 775
613 831
613 853
613 872
613 878
613 923
613 949
614 652
614 653
614 656
614 696
614 704
614 705
614 717
614 718
614 739
614 743
614 746
614 747
614 835
614 884
614 897
614 951
614 981
615 627
615 675
615 752
615 769
615 818
615 846
615 858
615 866
615 904
615 941
616 641
616 748
616 767
616 870
616 989
617 620
617 635
617 661
617 663
617 731
617 733
617 763
617 820
617 828
617 829
617 832
617 841
617 870
617 874
617 918
617 919
617 969
617 992
617 998
618 621
618 622
618 672
618 715
618 736
618 751
618 756
618 764
618 769
618 801
618 813
618 850
618 861
618 871
618 875
618 883
618 886
618 965
618 973
618 996
619 635
619 641
619 671
619 702
619 713
619 717
619 778
619 832
619 850
619 871
620 636
620 644
620 661
620 668
620 712
620 718
620 758
620 780
620 814
620 817
620 836
620 872
620 890
620 998
621 623
621 624
621 642
621 643
621 663
621 674
621 689
621 702
621 730
621 746
621 764
621 772
621 773
621 815
621 818
621 824
621 891
621 939
621 970
621 992
621 995
622 632
622 649
622 662
622 691
622 715
622 733
622 735
622 750
622 763
622 765
622 823
622 844
622 884
622 895
622 896
622 906
622 916
622 927
622 930
622 941
622 959
622 960
622 987
622 995
623 633
623 649
623 681
623 706
623 729
623 730
623 757
623 774
623 849
623 891
623 945
623 993
623 997
624 641
624 659
624 678
624 724
624 743
624 781
624 787
624 803
624 832
624 833
624 836
624 886
624 894
624 925
624 926
624 937
625 683
625 702
625 770
625 789
625 829
625 871
625 954
625 969
626 641
626 646
626 671
626 726
626 756
626 763
626 819
626 824
626 835
626 861
626 891
626 961
627 633
627 682
627 713
627 779
627 788
627 833
627 864
627 871
627 962
628 686
628 723
628 864
628 936
628 997
629 638
629 670
629 677
629 736
629 753
629 782
629 842
629 932
629 994
631 710
631 736
631 770
631 797
631 815
631 906
631 923
632 652
632 709
632 727
632 777
632 785
632 790
632 812
632 846
632 850
632 854
632 869
632 877
632 881
632 894
632 904
632 987
633 798
633 917
633 942
633 1000
634 660
634 711
634 725
634 829
634 968
635 658
635 713
635 731
635 741
635 906
635 938
635 971
636 704
636 740
636 747
636 759
636 789
636 871
636 883
636 895
636 931
636 963
636 964
636 983
636 991
636 995
637 678
637 706
637 727
637 783
637 788
637 824
637 829
637 903
637 967
638 683
638 685
638 707
638 726
638 794
638 820
638 845
638 861
638 894
638 987
639 716
639 811
639 850
639 882
639 901
639 976
640 683
640 723
640 753
640 856
640 857
640 864
640 930
641 666
641 722
641 776
641 828
641 843
641 850
641 852
641 923
641 924
641 972
641 989
641 996
642 660
642 752
642 799
642 889
642 912
642 964
642 971
643 688
643 739
643 746
643 811
643 849
643 887
643 965
643 984
644 677
644 691
644 728
644 748
644 767
644 808
644 864
644 910
644 931
644 967
644 996
645 656
645 660
645 683
645 727
645 809
645 827
645 941
646 668
646 676
646 692
646 694
646 744
646 761
646 805
646 806
646 833
646 863
646 931
646 952
646 991
647 660
647 671
647 680
647 731
647 733
647 761
647 769
647 811
647 849
647 870
647 921
647 927
647 933
647 990
647 997
648 715
648 795
648 823
648 825
648 837
648 857
648 898
648 921
649 666
649 677
649 729
649 744
649 794
649 820
649 843
649 850
649 881
649 952
650 663
650 785
650 788
650 809
650 814
650 816
650 857
650 879
650 900
650 928
650 931
650 967
650 980
651 656
651 815
651 823
651 856
651 880
651 899
651 909
651 935
651 997
652 682
652 765
652 827
652 871
652 947
653 668
653 707
653 732
653 949
653 980
653 990
654 672
654 723
654 772
654 784
654 827
654 889
654 914
655 686
655 836
655 842
655 937
656 672
656 738
656 775
656 792
656 857
656 879
656 906
656 921
656 952
657 664
657 685
657 769
657 841
657 858
657 871
657 949
657 962
657 966
657 980
658 671
658 774
658 778
658 804
658 809
658 811
658 888
658 943
659 705
659 711
659 712
659 791
659 830
659 856
659 928
659 929
660 721
660 748
660 819
660 841
660 857
660 880
660 942
660 947
660 954
660 980
661 668
661 687
661 723
661 754
661 780
661 791
661 840
661 857
661 875
661 986
662 764
662 819
662 834
662 835
662 901
662 921
662 957
662 958
662 969
662 997
663 666
663 668
663 683
663 692
663 693
663 702
663 809
663 815
663 854
663 881
663 980
664 679
664 683
664 857
664 859
664 883
664 905
664 917
664 932
664 937
664 966
664 969
665 668
665 684
665 690
665 712
665 750
665 794
665 816
665 835
665 891
665 899
665 907
665 954
666 733
666 929
667 669
667 679
667 733
667 736
667 744
667 750
667 772
667 784
667 878
667 892
667 901
667 903
667 904
667 947
667 972
667 988
668 715
668 761
668 797
668 814
668 849
668 854
668 906
668 920
668 939
668 984
669 706
669 721
669 724
669 764
669 824
669 850
669 871
669 873
669 882
669 895
669 915
670 746
670 754
670 804
670 833
670 870
670 929
670 950
671 697
671 727
671 822
671 840
671 841
671 883
671 903
672 755
672 768
672 784
672 847
672 893
672 942
672 956
672 982
673 734
673 764
673 773
673 862
673 890
674 691
674 692
674 705
674 904
674 984
675 703
675 721
675 943
676 729
676 791
676 855
676 969
676 978
676 984
676 999
677 685
677 724
677 732
677 767
677 775
677 789
677 869
677 870
677 915
677 938
678 815
678 829
678 849
678 905
678 984
679 696
679 780
679 841
679 844
679 892
680 799
680 813
680 883
680 961
680 966
681 699
681 702
681 725
681 772
681 783
681 805
681 885
681 914
681 917
681 934
681 951
682 794
682 858
683 706
683 713
683 757
683 798
683 803
683 810
683 819
683 839
683 858
683 933
683 935
683 956
683 962
683 986
685 697
685 711
685 754
685 780
685 807
685 890
685 917
685 935
685 970
686 687
686 741
686 751
686 772
686 819
686 840
686 841
686 919
686 925
686 941
686 953
686 964
686 987
687 702
687 729
687 736
687 791
687 829
687 856
687 906
687 914
687 922
687 933
688 711
688 779
688 802
688 832
688 872
688 892
688 909
688 918
688 922
688 939
688 942
688 996
689 696
689 857
689 899
689 909
689 915
691 713
691 795
691 807
691 823
691 885
691 908
691 946
691 969
691 976
691 997
692 701
692 742
692 775
692 791
693 723
693 752
693 792
693 833
693 969
693 998
694 769
694 880
695 739
695 761
695 766
695 822
695 832
696 703
696 804
696 880
696 938
696 991
697 703
697 723
697 726
697 771
697 777
697 863
697 970
698 750
698 775
698 789
698 803
698 832
698 833
698 866
698 878
698 908
699 743
699 858
699 863
699 987
700 706
700 736
700 806
700 822
700 857
700 886
700 950
700 954
700 962
701 702
701 814
701 849
701 972
702 764
702 765
702 773
702 791
702 802
702 824
702 832
702 876
702 901
702 969
702 995
703 739
703 813
703 970
704 781
704 814
704 834
704 870
704 941
705 725
705 756
705 764
705 767
705 795
705 828
705 846
705 852
705 853
705 858
705 867
705 875
705 878
705 884
705 888
705 926
705 928
705 944
705 969
705 989
706 716
706 727
706 780
706 825
706 866
706 869
706 917
706 919
706 921
706 924
706 928
706 931
706 972
707 905
708 713
708 764
708 775
708 838
708 865
708 916
709 764
709 796
709 892
709 895
710 800
710 881
710 896
710 903
710 924
710 954
711 780
711 809
711 860
711 915
711 950
711 963
711 974
711 991
712 768
712 770
712 780
712 848
712 861
712 885
713 740
713 788
713 831
713 838
713 846
713 856
713 870
713 912
713 954
713 964
714 859
714 989
714 990
715 739
715 798
715 852
715 871
716 775
716 854
716 876
716 914
716 915
717 779
717 849
717 883
717 912
717 965
717 972
717 985
718 756
718 772
718 828
718 938
718 943
718 965
719 751
719 764
719 773
719 793
719 824
719 834
719 898
719 950
720 738
720 740
720 805
720 885
720 959
721 814
721 896
721 1000
722 747
722 784
722 842
722 857
722 945
722 967
722 987
722 996
722 1000
723 737
723 752
723 757
723 781
723 793
723 817
723 841
723 847
723 862
723 908
723 918
723 922
723 949
723 969
723 988
723 995
724 754
724 788
724 850
724 860
724 887
724 909
725 797
725 909
725 911
725 914
725 927
726 728
726 741
726 844
726 871
726 889
726 980
726 997
727 784
727 834
727 847
728 815
728 880
728 902
728 960
729 786
729 796
729 851
729 867
729 870
729 928
729 974
730 859
730 886
730 922
730 933
731 857
731 905
732 833
732 839
732 850
732 869
733 861
733 876
734 784
734 883
734 896
734 995
735 772
735 798
735 856
736 941
737 788
737 790
737 811
737 842
737 856
737 859
737 884
737 969
738 739
738 795
738 820
738 870
738 971
739 743
739 755
739 776
739 790
739 802
739 808
739 815
739 820
739 827
739 839
739 903
739 953
739 962
739 971
740 881
740 899
740 905
740 908
740 927
740 947
740 971
740 973
741 790
741 836
741 841
741 888
741 936
741 937
742 772
742 797
742 815
742 899
743 757
743 781
743 872
743 924
743 971
744 824
744 850
744 871
744 899
744 900
744 904
744 954
745 757
745 817
745 819
745 873
745 905
745 959
746 750
746 782
746 813
746 853
746 896
746 924
746 996
747 777
747 804
747 815
747 835
747 856
747 898
747 943
748 783
748 806
748 825
748 875
748 884
748 886
748 929
748 958
748 977
749 790
749 813
749 904
749 917
749 927
749 980
749 989
749 997
750 797
750 870
750 921
750 937
751 766
751 843
751 888
751 892
751 967
752 794
752 812
752 861
753 762
753 850
753 887
753 981
753 989
753 997
754 755
754 800
754 838
754 847
754 872
756 959
756 972
757 900
757 982
758 767
758 792
758 807
758 862
758 937
758 989
759 772
759 823
759 981
760 827
760 942
761 766
761 777
761 791
761 835
761 838
761 869
761 882
761 885
761 969
761 986
761 989
762 788
762 810
762 816
762 843
762 898
763 848
763 872
763 884
764 827
764 856
764 865
764 899
764 900
764 909
764 915
764 921
764 940
764 992
765 870
765 888
765 973
766 768
766 770
766 789
766 815
766 817
766 837
766 861
766 865
766 923
766 973
766 983
767 926
767 931
767 971
768 878
768 880
768 980
769 773
769 809
769 814
769 837
769 846
769 848
769 895
769 928
769 957
769 973
769 992
770 775
770 780
770 784
770 871
770 967
771 772
771 794
771 887
771 909
771 923
772 784
772 788
772 872
772 873
772 875
772 882
772 885
772 890
772 907
773 791
773 792
773 800
773 814
773 832
773 853
773 911
773 932
773 941
773 943
773 945
773 951
773 980
774 850
774 863
774 893
774 943
774 986
775 808
775 810
775 830
775 857
775 874
775 906
775 912
776 798
776 846
776 849
776 858
776 869
776 876
776 895
776 972
777 882
777 924
777 955
778 805
778 867
778 906
778 993
779 786
779 844
779 913
780 791
780 806
780 816
780 818
780 869
780 889
780 895
780 941
781 830
781 950
781 968
781 991
782 872
782 906
782 954
782 958
782 982
783 790
783 814
783 818
783 825
783 941
783 953
783 964
784 816
784 851
784 915
784 936
784 966
784 999
785 851
785 923
785 936
785 940
785 941
785 979
786 813
786 893
786 921
786 948
786 951
787 846
787 962
788 848
788 889
788 894
788 896
789 809
789 872
789 880
789 882
789 884
789 952
789 958
789 981
790 858
790 996
791 814
791 938
791 966
792 820
792 880
792 898
792 937
792 942
792 957
792 979
793 805
793 853
793 855
793 861
793 910
793 947
794 809
794 864
794 896
794 899
794 963
794 985
795 840
795 857
795 991
796 861
796 864
796 872
796 890
796 902
797 910
797 960
798 965
798 976
799 846
799 893
799 984
799 993
800 833
800 861
800 883
800 894
800 961
801 831
801 884
801 925
801 962
802 820
802 833
802 887
802 907
802 941
803 864
803 900
803 947
803 975
804 817
804 864
804 869
804 952
805 846
805 873
805 888
805 895
805 926
805 935
805 953
805 954
805 968
805 969
806 880
807 878
807 942
807 965
808 849
808 861
808 864
808 920
809 829
809 832
809 899
809 903
809 954
809 964
809 967
810 820
810 853
810 868
811 812
811 817
811 838
811 924
811 975
812 814
812 855
812 863
812 886
812 936
813 832
813 861
813 863
814 822
814 850
814 868
814 906
814 950
814 984
815 828
815 829
815 869
815 872
815 893
816 962
817 858
817 899
817 986
818 850
818 899
818 910
818 930
819 822
819 836
819 906
819 918
819 924
819 926
819 931
819 954
820 823
820 874
820 896
820 907
820 947
820 974
820 979
820 981
821 905
822 871
822 888
822 901
822 916
822 945
822 950
823 841
823 850
823 899
823 932
823 954
823 971
823 984
824 901
824 964
824 979
824 995
825 934
826 832
826 840
826 843
826 924
826 941
826 951
826 971
826 995
827 869
827 890
827 891
827 922
827 940
827 969
827 991
827 992
828 881
828 889
829 871
829 882
829 904
829 906
829 911
829 916
829 939
829 983
829 996
829 1000
830 937
830 967
830 986
831 870
831 1000
832 837
832 853
832 888
832 923
832 931
832 940
832 977
832 986
833 835
833 865
833 875
833 882
833 904
833 905
833 932
833 960
833 968
834 901
834 923
834 953
834 955
835 944
835 954
835 997
836 839
836 995
837 846
837 858
837 902
837 918
837 956
837 971
837 984
838 841
838 883
839 989
839 996
840 923
841 857
841 912
841 954
841 984
842 909
842 918
842 996
842 997
844 859
844 863
844 868
844 886
844 926
844 969
844 996
844 997
845 853
845 870
845 941
846 851
846 882
846 885
846 962
846 965
846 1000
847 865
847 873
847 876
847 903
847 991
848 893
848 970
849 853
849 883
849 887
849 926
849 947
849 964
850 854
850 866
850 877
850 885
850 891
850 899
850 902
850 903
850 910
850 920
850 935
850 998
851 871
851 875
851 886
851 901
851 937
851 950
852 904
853 890
853 895
853 897
853 959
854 881
854 904
854 947
854 995
854 997
855 900
855 969
856 859
856 916
856 918
856 941
856 967
856 971
856 977
857 858
857 885
857 896
857 917
857 920
857 924
857 939
857 989
858 870
858 880
858 888
858 906
859 878
860 868
860 910
860 921
861 863
861 865
861 869
861 880
861 886
861 893
861 903
861 907
861 941
861 942
861 959
861 966
861 982
861 983
861 994
862 904
862 906
862 910
862 933
862 977
862 980
863 871
863 906
863 994
864 884
864 886
864 903
864 943
864 947
864 953
864 976
865 967
866 872
866 878
866 898
866 903
866 941
867 943
868 889
868 906
868 917
868 970
869 900
869 969
869 972
870 872
870 880
870 881
870 897
870 905
870 923
870 930
870 972
870 993
870 995
871 892
871 947
871 973
871 987
871 992
871 997
872 906
872 963
872 965
873 904
874 962
874 967
874 987
875 882
875 897
875 907
875 919
876 980
876 984
876 988
877 880
877 881
877 969
878 915
878 917
878 963
878 971
878 995
879 902
880 903
880 960
880 966
881 970
881 972
882 906
882 977
882 984
883 904
883 922
883 958
883 983
884 899
884 906
885 953
886 917
886 938
888 889
888 896
888 928
888 997
889 900
889 903
889 967
889 982
889 996
892 919
892 962
892 974
893 1000
895 914
895 919
895 943
895 974
895 993
896 914
898 938
898 1000
899 903
900 907
900 947
900 955
900 978
901 942
901 949
901 995
902 915
903 904
903 925
904 918
904 928
904 940
904 966
904 969
904 992
904 993
904 995
904 997
905 908
905 924
905 982
905 1000
906 944
906 954
906 980
907 938
907 972
908 926
908 939
908 945
908 961
908 967
909 971
909 972
909 984
910 931
912 918
912 943
912 976
912 995
913 923
914 970
915 940
915 986
916 997
917 951
917 954
917 965
917 995
918 925
921 976
922 928
922 935
922 941
923 959
923 969
923 982
924 932
924 954
924 966
924 974
924 986
924 997
925 929
925 958
925 967
925 998
926 942
928 933
928 939
930 938
930 954
931 988
933 937
933 947
934 984
934 987
935 937
936 989
938 954
938 965
938 969
938 981
939 957
939 962
941 989
941 996
942 962
942 973
944 995
946 960
947 960
949 997
950 974
951 991
953 965
953 984
954 973
954 999
955 969
957 966
959 968
960 973
961 966
962 978
963 972
964 988
965 995
969 983
969 989
970 974
971 998
972 979
972 990
973 994
973 995
973 996
974 981
975 982
980 988
983 994
984 988
990 995
