# LFR benchmark graph: regime=S mu=0.6 realization=3
# undirected, unweighted; 1-based node ids; each edge listed once.
1 138
1 153
1 222
1 248
1 274
1 279
1 291
1 327
1 338
1 353
1 356
1 376
1 384
1 442
1 481
1 487
1 514
1 559
1 565
1 585
1 587
1 611
1 614
1 793
1 821
1 838
1 886
1 890
1 897
1 905
1 932
1 954
1 955
1 986
2 8
2 12
2 125
2 192
2 197
2 206
2 432
2 455
2 481
2 616
2 631
2 704
2 752
2 769
2 788
2 885
2 963
3 5
3 6
3 8
3 14
3 18
3 22
3 42
3 62
3 87
3 98
3 117
3 154
3 179
3 190
3 201
3 238
3 286
3 296
3 301
3 343
3 368
3 388
3 409
3 443
3 453
3 454
3 468
3 506
3 517
3 529
3 543
3 553
3 630
3 637
3 640
3 663
3 669
3 702
3 711
3 713
3 740
3 752
3 769
3 772
3 807
3 811
3 816
3 852
3 868
3 936
3 938
3 958
3 975
3 976
3 993
3 994
4 45
4 50
4 92
4 105
4 113
4 122
4 141
4 147
4 199
4 366
4 453
4 487
4 502
4 518
4 527
4 622
4 771
5 19
5 28
5 58
5 81
5 107
5 121
5 122
5 199
5 239
5 257
5 291
5 304
5 309
5 362
5 527
5 560
5 630
5 795
5 957
5 965
6 88
6 150
6 207
6 357
6 445
6 496
6 577
6 648
6 682
6 728
6 745
6 764
6 896
6 936
6 941
6 969
7 29
7 45
7 69
7 112
7 315
7 380
7 471
7 585
7 610
7 635
7 642
7 647
7 677
7 705
7 721
7 765
7 792
7 818
7 819
7 847
7 854
7 930
7 946
7 976
7 983
7 985
8 48
8 55
8 58
8 66
8 69
8 98
8 108
8 204
8 209
8 256
8 260
8 321
8 328
8 360
8 378
8 380
8 390
8 437
8 454
8 469
8 494
8 516
8 560
8 581
8 589
8 596
8 606
8 719
8 724
8 731
8 733
8 743
8 753
8 773
8 811
8 813
8 821
8 826
8 841
8 852
8 958
8 965
8 980
8 985
8 998
9 45
9 96
9 112
9 115
9 121
9 132
9 203
9 377
9 441
9 445
9 619
9 776
9 848
10 21
10 70
10 77
10 85
10 118
10 209
10 244
10 247
10 252
10 354
10 366
10 378
10 389
10 399
10 434
10 439
10 563
10 616
10 640
10 658
10 670
10 795
10 809
10 836
10 844
10 855
10 883
10 999
11 91
11 151
11 218
11 243
11 251
11 290
11 291
11 356
11 477
11 505
11 660
11 725
11 763
11 817
11 879
11 882
11 926
11 930
11 975
11 976
12 36
12 121
12 131
12 166
12 184
12 194
12 220
12 271
12 293
12 321
12 342
12 395
12 413
12 423
12 524
12 535
12 544
12 573
12 631
12 715
12 755
12 769
12 963
12 971
13 39
13 175
13 179
13 294
13 296
13 311
13 355
13 356
13 430
13 459
13 572
13 634
13 689
13 702
13 800
13 830
13 899
13 923
13 936
13 938
13 969
13 987
14 21
14 49
14 150
14 308
14 338
14 408
14 484
14 491
14 500
14 533
14 556
14 564
14 683
14 692
14 710
14 727
14 766
14 804
14 912
14 934
14 969
15 22
15 56
15 103
15 138
15 146
15 166
15 187
15 243
15 254
15 264
15 270
15 309
15 323
15 370
15 383
15 384
15 392
15 399
15 404
15 417
15 474
15 498
15 529
15 544
15 599
15 607
15 624
15 682
15 722
15 843
15 851
15 852
15 865
15 883
15 893
15 906
15 909
15 965
15 997
16 24
16 45
16 58
16 131
16 138
16 208
16 214
16 246
16 277
16 293
16 304
16 306
16 383
16 423
16 476
16 517
16 606
16 650
16 661
16 769
16 790
16 794
16 808
16 880
16 916
16 955
16 958
16 964
16 997
17 56
17 68
17 70
17 88
17 97
17 150
17 212
17 219
17 267
17 299
17 316
17 400
17 418
17 447
17 476
17 597
17 626
17 726
17 744
17 745
17 762
17 788
17 875
17 911
17 934
17 936
17 955
17 975
18 24
18 41
18 42
18 60
18 88
18 105
18 142
18 145
18 187
18 279
18 306
18 307
18 317
18 380
18 409
18 443
18 489
18 522
18 582
18 629
18 725
18 885
18 887
18 893
18 939
18 967
18 969
18 979
18 995
18 997
19 53
19 54
19 76
19 176
19 186
19 189
19 193
19 194
19 202
19 224
19 225
19 253
19 324
19 326
19 336
19 376
19 382
19 398
19 428
19 454
19 462
19 489
19 496
19 502
19 543
19 545
19 590
19 624
19 647
19 691
19 721
19 736
19 737
19 751
19 770
19 772
19 773
19 808
19 812
19 830
19 846
19 871
19 900
19 915
19 963
19 986
20 26
20 124
20 194
20 197
20 220
20 325
20 341
20 354
20 396
20 425
20 471
20 522
20 532
20 567
20 599
20 748
20 771
20 863
21 24
21 32
21 48
21 169
21 186
21 187
21 225
21 230
21 237
21 262
21 286
21 287
21 297
21 319
21 320
21 332
21 352
21 402
21 518
21 533
21 589
21 627
21 633
21 667
21 760
21 766
21 767
21 819
21 879
21 910
22 145
22 341
22 354
22 357
22 365
22 398
22 505
22 548
22 555
22 573
22 619
22 620
22 744
22 806
22 825
22 926
22 931
22 961
22 971
22 972
22 984
23 44
23 161
23 237
23 277
23 279
23 337
23 340
23 402
23 429
23 475
23 500
23 572
23 602
23 702
23 784
23 787
23 865
23 958
24 34
24 65
24 120
24 145
24 197
24 199
24 213
24 230
24 295
24 400
24 421
24 563
24 586
24 650
24 881
24 912
24 922
24 993
24 995
25 99
25 145
25 161
25 205
25 367
25 373
25 398
25 461
25 505
25 531
25 560
25 589
25 621
25 630
25 642
25 736
25 764
25 822
25 897
25 912
25 932
25 988
26 70
26 197
26 206
26 218
26 291
26 388
26 392
26 540
26 608
26 713
26 737
26 877
26 959
27 37
27 44
27 72
27 103
27 111
27 286
27 417
27 505
27 528
27 620
27 642
27 661
27 690
27 754
27 813
27 827
27 854
27 923
27 984
28 31
28 42
28 62
28 82
28 88
28 107
28 119
28 157
28 160
28 188
28 193
28 251
28 304
28 329
28 340
28 343
28 354
28 399
28 417
28 436
28 439
28 441
28 442
28 478
28 481
28 482
28 503
28 562
28 570
28 572
28 609
28 613
28 618
28 639
28 687
28 706
28 708
28 709
28 722
28 723
28 728
28 757
28 814
28 837
28 848
28 878
28 922
28 936
28 945
28 978
29 49
29 110
29 180
29 252
29 258
29 274
29 311
29 344
29 396
29 415
29 470
29 482
29 488
29 512
29 543
29 573
29 623
29 640
29 664
29 676
29 692
29 720
29 731
29 806
29 812
29 891
29 905
29 926
29 955
30 68
30 83
30 162
30 221
30 231
30 252
30 262
30 550
30 585
30 639
30 670
30 699
30 794
30 809
30 810
30 893
30 921
30 939
30 988
31 44
31 65
31 153
31 212
31 282
31 333
31 346
31 405
31 412
31 558
31 577
31 607
31 668
31 710
31 800
31 829
31 919
31 932
31 936
31 977
32 45
32 53
32 57
32 133
32 149
32 168
32 241
32 244
32 274
32 295
32 347
32 352
32 402
32 408
32 415
32 477
32 478
32 566
32 572
32 623
32 647
32 657
32 659
32 675
32 696
32 722
32 751
32 763
32 767
32 801
32 817
32 821
32 856
32 872
32 922
32 951
32 959
32 989
33 56
33 58
33 143
33 291
33 315
33 380
33 389
33 592
33 593
33 669
33 746
33 814
33 815
33 896
33 941
33 985
34 98
34 108
34 139
34 223
34 250
34 280
34 284
34 291
34 338
34 465
34 479
34 569
34 620
34 692
34 738
34 750
34 794
34 796
34 816
34 819
34 883
34 970
34 989
34 994
34 1000
35 101
35 123
35 136
35 232
35 247
35 259
35 281
35 298
35 316
35 473
35 474
35 485
35 488
35 491
35 516
35 537
35 577
35 583
35 595
35 599
35 619
35 627
35 634
35 657
35 672
35 677
35 682
35 751
35 838
35 863
35 895
35 899
35 904
35 923
35 924
35 939
36 222
36 249
36 323
36 374
36 387
36 444
36 499
36 555
36 652
36 688
36 692
36 768
36 892
36 919
37 94
37 148
37 204
37 279
37 341
37 423
37 445
37 448
37 453
37 692
37 761
37 871
37 966
38 92
38 163
38 169
38 184
38 243
38 395
38 423
38 440
38 479
38 626
38 731
38 739
38 836
38 845
38 897
38 910
38 929
39 91
39 108
39 109
39 170
39 376
39 404
39 568
39 681
39 890
39 923
39 925
39 944
40 93
40 120
40 150
40 153
40 176
40 189
40 214
40 216
40 220
40 249
40 286
40 303
40 314
40 338
40 369
40 371
40 381
40 390
40 401
40 415
40 418
40 505
40 509
40 512
40 519
40 537
40 542
40 596
40 631
40 651
40 656
40 670
40 695
40 735
40 805
40 847
40 911
40 912
40 919
40 935
40 997
41 122
41 171
41 173
41 317
41 335
41 341
41 360
41 579
41 643
41 677
41 739
41 744
41 745
41 904
41 919
41 939
41 970
42 68
42 97
42 156
42 193
42 284
42 319
42 336
42 349
42 373
42 419
42 422
42 529
42 534
42 602
42 622
42 733
42 735
42 736
42 739
42 759
42 765
42 800
42 814
42 831
42 868
42 890
42 945
42 988
43 45
43 118
43 148
43 205
43 289
43 323
43 340
43 357
43 370
43 535
43 842
43 871
43 890
43 909
43 963
43 978
44 54
44 57
44 66
44 71
44 104
44 119
44 153
44 223
44 243
44 262
44 284
44 396
44 399
44 439
44 484
44 495
44 510
44 529
44 564
44 597
44 610
44 616
44 619
44 660
44 739
44 743
44 783
44 799
44 800
44 833
44 842
44 878
44 918
44 937
45 119
45 293
45 338
45 349
45 388
45 392
45 394
45 413
45 414
45 458
45 481
45 512
45 535
45 579
45 649
45 689
45 725
45 734
45 735
45 737
45 738
45 793
45 818
45 845
45 850
45 863
45 904
45 939
45 942
45 972
45 977
46 113
46 131
46 302
46 328
46 420
46 472
46 579
46 686
46 733
46 797
46 849
46 869
46 920
46 926
47 61
47 101
47 148
47 167
47 208
47 258
47 304
47 417
47 431
47 472
47 483
47 597
47 622
47 624
47 634
47 715
47 862
47 866
48 56
48 72
48 121
48 133
48 234
48 281
48 294
48 314
48 316
48 394
48 417
48 517
48 521
48 543
48 602
48 670
48 680
48 694
48 727
48 731
48 740
48 751
48 758
48 778
48 782
48 825
48 840
48 843
48 847
48 895
48 953
49 78
49 159
49 177
49 180
49 287
49 304
49 305
49 312
49 371
49 391
49 396
49 422
49 497
49 519
49 557
49 619
49 623
49 636
49 644
49 650
49 664
49 672
49 680
49 682
49 740
49 768
49 773
49 806
49 812
49 902
49 961
49 989
50 89
50 122
50 194
50 207
50 219
50 289
50 297
50 317
50 357
50 387
50 407
50 421
50 423
50 428
50 459
50 476
50 512
50 519
50 559
50 633
50 711
50 763
50 842
50 867
50 978
51 56
51 69
51 96
51 105
51 120
51 131
51 184
51 201
51 225
51 243
51 288
51 306
51 315
51 327
51 336
51 367
51 412
51 450
51 451
51 455
51 461
51 462
51 556
51 559
51 593
51 597
51 603
51 614
51 632
51 634
51 635
51 655
51 659
51 680
51 697
51 701
51 703
51 743
51 791
51 804
51 816
51 841
51 863
51 867
51 901
51 902
51 968
51 975
52 61
52 84
52 113
52 127
52 152
52 183
52 185
52 190
52 225
52 226
52 239
52 284
52 292
52 356
52 381
52 386
52 393
52 429
52 436
52 461
52 521
52 535
52 536
52 574
52 582
52 672
52 691
52 699
52 735
52 745
52 761
52 768
52 792
52 803
52 817
52 833
52 963
52 987
53 62
53 121
53 365
53 555
53 591
53 598
53 599
53 825
53 844
53 915
53 923
54 85
54 106
54 148
54 213
54 254
54 300
54 418
54 447
54 509
54 540
54 781
54 802
54 858
54 868
55 58
55 136
55 185
55 203
55 204
55 285
55 294
55 339
55 417
55 513
55 533
55 538
55 552
55 565
55 568
55 571
55 585
55 591
55 596
55 623
55 640
55 648
55 772
55 773
55 811
55 832
55 839
55 856
55 977
55 989
56 92
56 105
56 108
56 164
56 181
56 182
56 207
56 216
56 220
56 274
56 307
56 402
56 422
56 427
56 461
56 465
56 564
56 568
56 569
56 581
56 584
56 620
56 634
56 677
56 691
56 695
56 701
56 723
56 760
56 797
56 818
56 830
56 841
56 843
56 844
56 881
56 882
56 891
56 930
56 961
57 77
57 81
57 84
57 208
57 440
57 513
57 590
57 643
57 652
57 763
57 803
57 970
58 115
58 123
58 137
58 148
58 171
58 173
58 196
58 199
58 210
58 247
58 296
58 317
58 321
58 322
58 351
58 364
58 369
58 378
58 399
58 422
58 435
58 462
58 584
58 587
58 613
58 621
58 675
58 694
58 715
58 773
58 821
58 823
58 836
58 840
58 844
58 873
58 884
58 915
58 936
58 957
58 962
58 963
58 967
58 975
58 989
58 990
59 90
59 109
59 151
59 191
59 322
59 408
59 436
59 437
59 529
59 577
59 710
59 744
59 750
59 821
59 933
59 945
60 130
60 199
60 265
60 291
60 448
60 464
60 477
60 497
60 520
60 560
60 578
60 854
60 881
60 911
60 914
60 926
61 124
61 141
61 163
61 204
61 224
61 259
61 266
61 315
61 389
61 396
61 456
61 543
61 607
61 692
61 737
61 739
61 768
61 773
61 794
61 866
61 914
62 78
62 105
62 119
62 189
62 264
62 284
62 321
62 332
62 351
62 386
62 399
62 432
62 442
62 454
62 456
62 470
62 504
62 529
62 601
62 616
62 647
62 660
62 698
62 704
62 706
62 710
62 713
62 723
62 803
62 815
62 824
62 838
62 852
62 929
62 939
62 941
62 945
62 978
62 988
63 78
63 134
63 135
63 185
63 194
63 196
63 204
63 222
63 235
63 260
63 311
63 354
63 395
63 399
63 411
63 481
63 528
63 531
63 591
63 665
63 760
63 772
63 800
63 955
63 990
64 171
64 241
64 259
64 292
64 296
64 337
64 349
64 362
64 367
64 476
64 595
64 703
64 746
64 748
64 759
64 796
64 797
64 818
64 825
64 852
64 859
64 960
64 965
64 970
64 997
64 999
65 89
65 90
65 245
65 304
65 338
65 376
65 416
65 446
65 533
65 537
65 592
65 627
65 695
65 768
66 73
66 99
66 119
66 164
66 201
66 237
66 244
66 257
66 267
66 333
66 342
66 415
66 423
66 439
66 473
66 477
66 577
66 606
66 658
66 668
66 784
66 794
66 833
66 916
66 967
66 982
67 118
67 156
67 183
67 258
67 299
67 310
67 330
67 334
67 399
67 436
67 483
67 489
67 671
67 760
67 901
67 956
68 96
68 140
68 149
68 172
68 179
68 199
68 214
68 215
68 219
68 237
68 249
68 301
68 338
68 359
68 400
68 405
68 408
68 412
68 447
68 455
68 464
68 495
68 509
68 540
68 587
68 599
68 603
68 607
68 632
68 640
68 646
68 656
68 665
68 695
68 717
68 731
68 744
68 762
68 824
68 841
68 855
68 920
68 934
68 956
68 988
68 992
69 185
69 199
69 256
69 323
69 380
69 388
69 446
69 453
69 467
69 477
69 502
69 529
69 643
69 680
69 707
69 720
69 749
69 820
70 78
70 84
70 133
70 168
70 195
70 239
70 251
70 257
70 277
70 309
70 363
70 380
70 403
70 484
70 485
70 499
70 516
70 538
70 563
70 570
70 596
70 599
70 625
70 658
70 661
70 664
70 771
70 791
70 803
70 826
70 830
70 837
70 894
70 918
71 107
71 146
71 171
71 291
71 320
71 393
71 425
71 473
71 477
71 597
71 682
71 713
71 817
71 879
71 972
71 978
72 113
72 138
72 184
72 283
72 315
72 423
72 444
72 465
72 491
72 549
72 619
72 623
72 765
72 838
72 839
72 840
72 842
72 851
72 947
72 953
73 157
73 181
73 207
73 288
73 299
73 420
73 449
73 454
73 471
73 496
73 505
73 539
73 584
73 586
73 604
73 614
73 635
73 687
73 744
73 773
73 799
73 826
73 832
73 841
73 867
73 908
73 924
73 989
74 117
74 169
74 310
74 404
74 420
74 426
74 495
74 577
74 656
74 709
74 712
74 776
74 785
74 861
74 865
74 901
74 935
74 978
74 993
75 81
75 103
75 144
75 148
75 194
75 205
75 256
75 332
75 364
75 376
75 503
75 528
75 589
75 667
75 690
75 760
75 775
75 916
75 958
75 1000
76 92
76 106
76 155
76 248
76 281
76 293
76 446
76 453
76 464
76 469
76 483
76 493
76 525
76 535
76 657
76 721
76 725
76 789
76 790
76 835
76 926
76 945
77 80
77 82
77 113
77 159
77 210
77 226
77 247
77 254
77 263
77 282
77 304
77 338
77 398
77 473
77 505
77 524
77 564
77 577
77 578
77 659
77 695
77 715
77 740
77 770
77 791
77 799
77 825
77 878
77 912
77 970
77 983
77 988
78 175
78 194
78 290
78 325
78 360
78 385
78 526
78 663
78 716
78 779
78 794
78 846
78 911
78 984
79 119
79 138
79 161
79 265
79 458
79 465
79 505
79 621
79 770
79 809
79 853
80 120
80 136
80 313
80 431
80 481
80 491
80 589
80 596
80 617
80 620
80 663
80 722
80 768
80 769
80 771
80 776
80 849
80 996
81 161
81 166
81 180
81 185
81 206
81 312
81 314
81 320
81 341
81 349
81 415
81 434
81 479
81 506
81 549
81 556
81 586
81 591
81 598
81 617
81 633
81 683
81 738
81 741
81 749
81 811
81 814
81 820
81 850
81 853
81 882
81 953
82 84
82 104
82 119
82 135
82 153
82 207
82 296
82 307
82 398
82 399
82 453
82 467
82 526
82 536
82 541
82 562
82 578
82 605
82 656
82 671
82 761
82 835
82 836
82 869
82 872
82 875
82 888
82 893
82 915
82 956
82 994
83 129
83 134
83 170
83 181
83 195
83 196
83 223
83 240
83 245
83 247
83 252
83 279
83 286
83 365
83 441
83 557
83 646
83 682
83 708
83 739
83 807
83 844
83 863
83 889
83 908
83 924
83 944
83 974
84 122
84 125
84 138
84 151
84 172
84 210
84 220
84 253
84 284
84 399
84 439
84 452
84 559
84 568
84 615
84 725
84 739
84 861
84 868
84 886
84 946
84 947
84 988
85 252
85 299
85 395
85 410
85 459
85 476
85 489
85 512
85 585
85 596
85 597
85 648
85 672
85 822
85 905
85 962
85 969
85 975
86 101
86 119
86 148
86 169
86 181
86 190
86 198
86 228
86 230
86 271
86 368
86 479
86 488
86 520
86 549
86 666
86 683
86 717
86 726
86 798
86 815
86 820
86 859
86 881
86 933
86 945
86 981
86 989
86 993
87 113
87 184
87 234
87 258
87 259
87 346
87 359
87 390
87 407
87 445
87 463
87 472
87 537
87 548
87 658
87 671
87 710
87 725
87 733
87 822
87 832
87 852
87 853
87 901
87 935
88 94
88 96
88 109
88 124
88 139
88 147
88 158
88 178
88 194
88 343
88 400
88 465
88 497
88 609
88 644
88 658
88 702
88 706
88 715
88 744
88 779
88 788
88 812
88 851
88 895
88 905
88 907
88 912
88 934
88 962
88 971
88 976
89 117
89 123
89 138
89 146
89 172
89 195
89 214
89 375
89 383
89 514
89 520
89 565
89 853
89 893
89 919
89 922
89 997
90 154
90 183
90 213
90 220
90 248
90 286
90 326
90 386
90 419
90 450
90 466
90 477
90 483
90 496
90 512
90 655
90 658
90 665
90 680
90 714
90 752
90 765
90 767
90 813
90 825
90 841
90 886
90 900
90 911
90 933
90 949
90 969
90 984
91 98
91 366
91 383
91 476
91 490
91 582
91 595
91 616
91 720
91 748
91 836
91 849
91 871
91 926
91 969
91 971
92 95
92 131
92 151
92 281
92 316
92 318
92 321
92 329
92 386
92 423
92 454
92 473
92 479
92 493
92 530
92 598
92 602
92 606
92 610
92 620
92 623
92 626
92 653
92 655
92 704
92 734
92 736
92 745
92 747
92 755
92 758
92 799
92 830
92 864
92 874
92 881
92 907
92 921
92 947
92 996
92 1000
93 174
93 199
93 239
93 249
93 291
93 370
93 477
93 535
93 586
93 614
93 622
93 696
93 851
93 893
93 944
93 961
93 976
94 274
94 326
94 483
94 488
94 690
94 738
94 743
94 749
94 825
94 871
94 884
94 899
94 913
94 993
95 119
95 197
95 302
95 363
95 528
95 702
95 801
95 804
95 852
95 863
95 881
95 992
95 996
95 997
96 106
96 182
96 222
96 227
96 276
96 298
96 317
96 348
96 359
96 412
96 417
96 475
96 571
96 583
96 668
96 675
96 686
96 737
96 776
96 797
96 825
96 850
96 857
96 865
96 869
96 877
96 920
96 934
97 99
97 103
97 136
97 146
97 156
97 173
97 190
97 250
97 279
97 299
97 307
97 355
97 408
97 417
97 438
97 458
97 496
97 584
97 599
97 600
97 606
97 626
97 664
97 675
97 700
97 712
97 769
97 793
97 813
97 814
97 831
97 843
97 942
97 966
97 984
97 986
97 993
98 137
98 153
98 185
98 197
98 222
98 277
98 298
98 318
98 332
98 390
98 465
98 477
98 543
98 555
98 646
98 656
98 680
98 706
98 756
98 795
98 852
98 896
99 118
99 135
99 177
99 199
99 219
99 304
99 313
99 338
99 383
99 412
99 425
99 478
99 622
99 658
99 709
99 715
99 739
99 749
99 764
99 775
99 797
99 828
99 897
99 949
99 968
99 969
99 992
100 119
100 199
100 239
100 326
100 352
100 399
100 447
100 529
100 564
100 595
100 620
100 634
100 647
100 682
100 704
100 715
100 776
100 922
101 201
101 214
101 225
101 239
101 243
101 251
101 258
101 263
101 280
101 333
101 367
101 379
101 380
101 416
101 456
101 483
101 489
101 516
101 554
101 564
101 572
101 573
101 594
101 598
101 599
101 726
101 748
101 780
101 781
101 792
101 813
101 866
101 917
101 924
101 928
101 944
101 951
101 993
102 103
102 134
102 139
102 166
102 212
102 232
102 245
102 265
102 305
102 310
102 344
102 360
102 361
102 389
102 423
102 440
102 451
102 477
102 494
102 522
102 629
102 643
102 669
102 727
102 765
102 770
102 776
102 789
102 821
102 881
102 946
102 952
102 956
102 974
103 146
103 168
103 182
103 218
103 268
103 310
103 338
103 383
103 384
103 405
103 428
103 438
103 465
103 473
103 488
103 503
103 606
103 678
103 700
103 710
103 722
103 726
103 729
103 762
103 767
103 782
103 813
103 832
103 855
103 863
103 869
103 893
103 910
103 918
103 972
103 997
104 177
104 242
104 274
104 337
104 350
104 388
104 392
104 426
104 435
104 451
104 567
104 589
104 616
104 671
104 675
104 699
104 717
104 802
104 819
104 847
104 851
104 853
104 903
104 984
105 129
105 155
105 222
105 362
105 381
105 471
105 524
105 541
105 544
105 606
105 626
105 714
105 715
105 803
105 841
105 866
105 867
105 898
105 911
105 992
106 115
106 138
106 226
106 280
106 301
106 346
106 353
106 371
106 392
106 400
106 446
106 488
106 516
106 568
106 594
106 647
107 119
107 147
107 209
107 221
107 271
107 318
107 360
107 370
107 453
107 467
107 513
107 527
107 535
107 585
107 687
107 711
107 735
107 795
107 870
107 891
107 905
107 976
108 121
108 147
108 164
108 209
108 210
108 307
108 351
108 367
108 423
108 496
108 546
108 589
108 667
108 679
108 717
108 775
108 778
108 799
108 878
108 891
108 909
109 193
109 256
109 347
109 360
109 396
109 409
109 455
109 479
109 482
109 685
109 712
109 796
109 828
109 842
109 935
109 999
110 244
110 379
110 389
110 417
110 496
110 564
110 611
110 614
110 745
110 809
110 842
110 933
111 127
111 178
111 200
111 221
111 277
111 397
111 463
111 593
111 624
111 694
111 797
111 825
111 891
111 936
111 939
111 988
111 989
112 116
112 119
112 169
112 237
112 250
112 265
112 280
112 287
112 313
112 338
112 354
112 427
112 450
112 485
112 524
112 589
112 657
112 660
112 697
112 704
112 767
112 772
112 820
112 903
112 944
112 948
112 985
113 307
113 426
113 432
113 444
113 448
113 468
113 490
113 498
113 499
113 514
113 529
113 543
113 552
113 675
113 749
113 773
113 850
113 933
113 934
113 947
113 975
113 993
114 251
114 326
114 547
114 549
114 575
114 620
114 744
114 760
114 894
114 935
114 970
114 988
114 992
114 996
115 150
115 185
115 198
115 217
115 277
115 298
115 325
115 354
115 388
115 393
115 404
115 419
115 423
115 443
115 474
115 512
115 577
115 607
115 627
115 635
115 649
115 679
115 699
115 710
115 719
115 724
115 728
115 763
115 769
115 776
115 805
115 853
115 859
115 881
115 882
115 883
115 939
115 968
116 119
116 132
116 148
116 193
116 195
116 216
116 258
116 268
116 288
116 310
116 312
116 389
116 443
116 626
116 631
116 663
116 697
116 737
116 829
116 871
116 994
117 150
117 169
117 184
117 194
117 206
117 272
117 293
117 313
117 328
117 336
117 364
117 369
117 420
117 425
117 543
117 577
117 614
117 626
117 647
117 656
117 706
117 728
117 758
117 766
117 769
117 780
117 804
117 808
117 818
117 833
117 852
117 890
117 932
117 936
117 975
118 171
118 185
118 279
118 303
118 304
118 311
118 315
118 388
118 500
118 536
118 676
118 790
118 803
118 819
118 822
118 825
118 922
118 970
118 999
119 124
119 147
119 172
119 204
119 251
119 267
119 284
119 301
119 304
119 306
119 345
119 347
119 354
119 397
119 404
119 532
119 536
119 542
119 550
119 565
119 569
119 590
119 620
119 638
119 652
119 671
119 713
119 715
119 720
119 732
119 793
119 817
119 829
119 836
119 863
119 868
119 878
119 890
119 905
119 909
119 924
119 950
119 968
119 970
119 973
119 988
119 989
119 994
119 997
119 999
120 277
120 307
120 401
120 433
120 440
120 454
120 471
120 492
120 536
120 537
120 560
120 633
120 695
120 766
120 795
120 841
120 844
120 894
120 902
120 974
120 979
121 170
121 194
121 226
121 239
121 282
121 297
121 300
121 311
121 314
121 317
121 346
121 352
121 366
121 377
121 395
121 448
121 452
121 469
121 480
121 598
121 640
121 776
121 824
121 825
121 866
121 882
121 936
121 968
122 131
122 144
122 152
122 173
122 244
122 246
122 315
122 322
122 381
122 390
122 398
122 415
122 448
122 534
122 603
122 608
122 626
122 656
122 664
122 675
122 699
122 718
122 722
122 730
122 745
122 769
122 782
122 783
122 796
122 799
122 839
122 841
122 877
122 878
122 896
122 900
122 966
123 143
123 150
123 167
123 191
123 214
123 227
123 251
123 259
123 324
123 387
123 395
123 479
123 485
123 486
123 512
123 544
123 608
123 620
123 624
123 668
123 705
123 713
123 762
123 776
123 781
123 807
123 823
123 840
123 890
123 924
123 932
123 956
124 180
124 199
124 338
124 360
124 362
124 488
124 496
124 599
124 616
124 620
124 634
124 672
124 720
124 722
124 749
124 763
124 775
124 836
124 857
124 955
125 277
125 294
125 341
125 347
125 348
125 351
125 395
125 401
125 635
125 650
125 651
125 694
125 881
125 936
125 996
125 999
126 151
126 164
126 169
126 340
126 354
126 371
126 412
126 417
126 428
126 438
126 453
126 479
126 520
126 540
126 586
126 646
126 663
126 787
126 806
126 834
126 857
126 909
126 989
127 131
127 179
127 340
127 475
127 574
127 623
127 675
127 751
127 803
127 871
127 977
127 994
128 164
128 175
128 191
128 274
128 296
128 327
128 430
128 651
128 662
128 763
128 881
128 923
129 166
129 205
129 235
129 297
129 344
129 349
129 392
129 582
129 624
129 635
129 637
129 733
129 745
129 777
129 780
129 787
129 823
129 831
129 888
129 907
130 169
130 185
130 239
130 253
130 291
130 324
130 338
130 477
130 496
130 528
130 641
130 653
130 682
130 792
130 826
130 851
130 871
130 891
130 976
130 991
131 178
131 195
131 197
131 201
131 234
131 244
131 252
131 264
131 282
131 286
131 355
131 366
131 417
131 420
131 439
131 442
131 444
131 487
131 507
131 567
131 612
131 643
131 666
131 699
131 761
131 762
131 765
131 793
131 832
131 846
131 861
131 865
131 884
131 886
131 887
131 900
131 904
131 957
131 984
131 991
131 992
132 135
132 146
132 158
132 162
132 193
132 242
132 272
132 273
132 283
132 332
132 365
132 374
132 416
132 417
132 448
132 459
132 495
132 512
132 527
132 652
132 668
132 698
132 699
132 721
132 777
132 789
132 814
132 817
132 848
132 857
132 867
132 921
132 936
132 961
132 992
132 995
133 272
133 275
133 292
133 307
133 326
133 365
133 376
133 415
133 419
133 441
133 452
133 497
133 501
133 512
133 729
133 733
133 748
133 792
133 843
133 927
133 985
134 322
134 337
134 342
134 363
134 365
134 379
134 389
134 437
134 457
134 527
134 612
134 754
134 760
134 892
134 936
134 973
135 147
135 279
135 379
135 381
135 386
135 499
135 540
135 600
135 625
135 714
135 867
135 943
135 944
136 248
136 329
136 438
136 443
136 505
136 815
136 907
136 908
136 911
136 942
137 179
137 212
137 221
137 222
137 276
137 338
137 354
137 395
137 421
137 485
137 507
137 514
137 548
137 567
137 620
137 636
137 654
137 832
137 900
137 901
137 923
137 958
138 206
138 218
138 253
138 268
138 284
138 318
138 339
138 383
138 384
138 395
138 425
138 457
138 481
138 503
138 514
138 583
138 632
138 675
138 683
138 690
138 698
138 722
138 757
138 784
138 818
138 881
138 886
138 893
138 904
138 913
138 924
138 943
138 969
138 997
139 168
139 176
139 179
139 192
139 254
139 328
139 341
139 354
139 388
139 448
139 497
139 569
139 570
139 617
139 702
139 822
139 852
140 142
140 159
140 259
140 277
140 287
140 291
140 292
140 297
140 313
140 377
140 396
140 399
140 402
140 441
140 478
140 589
140 645
140 650
140 664
140 690
140 728
140 751
140 772
140 800
140 805
140 812
140 828
140 832
140 902
141 173
141 239
141 298
141 356
141 400
141 446
141 473
141 527
141 559
141 575
141 615
141 618
141 644
141 651
141 672
141 726
141 762
141 789
141 819
141 912
141 922
141 936
141 938
141 981
142 171
142 230
142 247
142 295
142 459
142 526
142 596
142 598
142 626
142 720
142 819
142 861
142 937
142 959
142 980
142 982
143 166
143 203
143 214
143 265
143 268
143 316
143 369
143 397
143 398
143 491
143 519
143 605
143 627
143 630
143 641
143 651
143 653
143 656
143 678
143 709
143 732
143 751
143 754
143 787
143 795
143 822
143 825
143 857
143 862
143 873
143 890
143 898
143 907
143 916
143 957
143 988
144 156
144 205
144 245
144 269
144 313
144 412
144 478
144 528
144 532
144 573
144 587
144 639
144 671
144 844
144 874
144 882
144 897
144 905
145 244
145 290
145 292
145 303
145 307
145 409
145 496
145 548
145 577
145 597
145 608
145 628
145 694
145 798
145 863
145 907
145 978
146 193
146 196
146 218
146 352
146 358
146 368
146 403
146 427
146 440
146 448
146 473
146 490
146 504
146 514
146 576
146 595
146 600
146 606
146 654
146 752
146 753
146 804
146 832
146 852
146 858
146 873
146 893
146 918
146 951
146 956
147 231
147 241
147 254
147 290
147 334
147 428
147 478
147 492
147 519
147 544
147 669
147 760
147 835
147 853
147 994
148 150
148 204
148 229
148 243
148 256
148 296
148 329
148 337
148 340
148 350
148 364
148 371
148 386
148 447
148 448
148 463
148 471
148 475
148 486
148 488
148 496
148 513
148 592
148 598
148 621
148 681
148 687
148 720
148 723
148 729
148 744
148 789
148 831
148 862
148 884
148 888
148 933
148 957
148 965
148 980
149 175
149 189
149 210
149 217
149 265
149 328
149 333
149 373
149 394
149 400
149 464
149 475
149 509
149 515
149 528
149 539
149 542
149 561
149 631
149 638
149 639
149 760
149 773
149 803
149 809
149 859
149 904
149 926
149 960
149 974
149 975
149 987
149 990
150 189
150 280
150 336
150 392
150 412
150 431
150 443
150 511
150 577
150 602
150 638
150 647
150 677
150 724
150 773
150 776
150 790
150 810
150 826
150 852
150 958
150 960
151 157
151 190
151 257
151 272
151 281
151 394
151 525
151 595
151 607
151 626
151 748
151 787
151 825
151 882
151 883
151 906
151 919
151 978
152 156
152 277
152 326
152 360
152 402
152 408
152 425
152 474
152 540
152 776
152 852
152 958
152 993
153 177
153 191
153 205
153 231
153 242
153 268
153 313
153 323
153 453
153 462
153 478
153 539
153 576
153 582
153 607
153 705
153 764
153 814
153 897
153 930
153 932
153 978
153 979
154 423
154 478
154 512
154 593
154 760
154 804
154 816
154 837
154 852
154 853
154 867
154 931
154 936
154 974
155 234
155 565
155 577
155 589
155 593
155 646
155 704
155 730
155 743
155 744
155 750
155 824
155 931
155 985
156 174
156 177
156 189
156 205
156 249
156 286
156 303
156 311
156 313
156 327
156 331
156 458
156 478
156 668
156 760
156 764
156 834
156 867
156 873
156 897
156 921
156 936
156 938
156 954
156 999
157 189
157 196
157 213
157 247
157 311
157 430
157 431
157 509
157 528
157 553
157 575
157 586
157 602
157 633
157 677
157 728
157 736
157 749
157 778
157 805
157 806
157 903
157 929
157 956
157 964
157 971
157 974
158 250
158 312
158 341
158 363
158 476
158 521
158 524
158 533
158 589
158 632
158 649
158 692
158 772
158 774
158 826
158 909
158 911
158 935
158 972
159 209
159 228
159 287
159 301
159 370
159 376
159 381
159 396
159 406
159 513
159 520
159 595
159 597
159 616
159 686
159 765
159 772
159 812
159 864
159 886
159 902
160 218
160 260
160 279
160 442
160 541
160 544
160 559
160 572
160 687
160 737
160 772
160 773
160 828
160 843
160 961
160 992
161 164
161 177
161 205
161 207
161 223
161 303
161 313
161 315
161 355
161 360
161 364
161 435
161 448
161 488
161 503
161 548
161 560
161 575
161 653
161 685
161 698
161 751
161 897
161 944
161 983
162 203
162 251
162 263
162 337
162 395
162 396
162 459
162 513
162 670
162 738
162 840
162 841
162 851
162 905
162 971
163 302
163 315
163 319
163 362
163 365
163 531
163 540
163 683
163 700
163 776
163 815
163 860
164 277
164 331
164 354
164 392
164 402
164 440
164 448
164 517
164 628
164 643
164 690
164 708
164 729
164 772
164 792
164 841
164 869
164 905
164 914
164 923
164 987
165 216
165 299
165 360
165 399
165 453
165 462
165 515
165 528
165 565
165 593
165 751
165 772
166 209
166 230
166 288
166 301
166 330
166 361
166 390
166 395
166 472
166 503
166 532
167 170
167 219
167 340
167 348
167 418
167 426
167 444
167 448
167 453
167 470
167 677
167 686
167 823
167 824
167 839
167 875
167 909
167 910
167 948
167 950
167 998
168 189
168 238
168 247
168 346
168 404
168 573
168 689
168 707
168 770
168 780
168 807
168 833
168 872
168 896
168 922
169 262
169 290
169 339
169 421
169 455
169 457
169 477
169 550
169 594
169 691
169 745
169 765
169 809
169 842
169 850
169 902
169 915
169 919
169 961
170 179
170 210
170 293
170 385
170 402
170 407
170 473
170 479
170 589
170 612
170 660
170 724
170 877
170 957
171 173
171 202
171 253
171 254
171 333
171 367
171 419
171 430
171 456
171 462
171 550
171 566
171 580
171 585
171 598
171 614
171 648
171 652
171 662
171 678
171 679
171 707
171 716
171 756
171 782
171 788
171 790
171 797
171 799
171 808
171 818
171 819
171 822
171 825
171 849
171 858
171 862
171 865
171 917
171 947
171 976
171 979
172 213
172 243
172 269
172 284
172 399
172 410
172 472
172 497
172 499
172 634
172 649
172 655
172 658
172 660
172 692
172 739
172 756
172 769
172 839
172 842
172 850
172 897
172 940
172 970
172 977
172 988
172 1000
173 186
173 221
173 227
173 238
173 259
173 277
173 313
173 334
173 359
173 379
173 411
173 429
173 440
173 443
173 462
173 474
173 485
173 495
173 514
173 639
173 661
173 665
173 677
173 692
173 696
173 717
173 725
173 783
173 799
173 813
173 829
173 843
173 849
173 874
173 876
173 896
173 926
173 996
174 181
174 290
174 328
174 402
174 429
174 475
174 620
174 647
174 673
174 710
174 756
174 813
174 818
174 871
174 905
175 195
175 363
175 395
175 425
175 542
175 799
175 832
175 955
176 207
176 366
176 376
176 390
176 462
176 505
176 555
176 573
176 598
176 638
176 669
176 673
176 705
176 718
176 813
176 829
176 857
176 941
176 997
177 234
177 334
177 409
177 414
177 429
177 464
177 467
177 478
177 560
177 593
177 604
177 620
177 723
177 882
177 897
177 975
178 196
178 201
178 209
178 219
178 253
178 277
178 294
178 310
178 314
178 384
178 385
178 388
178 396
178 437
178 557
178 558
178 559
178 636
178 666
178 672
178 687
178 695
178 701
178 704
178 744
178 764
178 791
178 803
178 804
178 841
178 847
178 866
178 893
178 914
178 952
178 963
179 201
179 251
179 257
179 259
179 273
179 332
179 333
179 363
179 388
179 399
179 402
179 411
179 458
179 484
179 495
179 498
179 507
179 553
179 588
179 622
179 637
179 638
179 643
179 668
179 674
179 697
179 702
179 715
179 737
179 752
179 774
179 788
179 800
179 837
179 863
179 876
179 936
179 961
179 969
179 976
179 996
180 274
180 287
180 676
180 699
180 725
180 808
180 893
180 935
180 948
180 976
180 981
180 986
181 197
181 205
181 207
181 282
181 299
181 307
181 312
181 326
181 361
181 382
181 395
181 398
181 411
181 415
181 419
181 449
181 602
181 603
181 609
181 617
181 634
181 701
181 721
181 791
181 844
181 880
181 954
181 961
182 307
182 578
182 608
182 718
182 728
182 825
182 969
183 202
183 204
183 221
183 241
183 295
183 346
183 364
183 374
183 467
183 474
183 476
183 493
183 516
183 520
183 532
183 575
183 598
183 601
183 654
183 672
183 708
183 715
183 716
183 719
183 729
183 745
183 797
183 806
183 822
183 825
183 860
183 922
183 924
184 186
184 226
184 255
184 355
184 374
184 575
184 615
184 678
184 720
184 728
184 792
184 800
184 828
184 863
184 888
184 897
184 958
184 979
185 193
185 210
185 236
185 274
185 292
185 301
185 392
185 399
185 439
185 465
185 466
185 488
185 500
185 513
185 558
185 566
185 656
185 663
185 683
185 710
185 738
185 747
185 759
185 776
185 840
185 855
185 869
185 893
185 952
185 975
185 992
186 218
186 268
186 273
186 312
186 337
186 365
186 372
186 411
186 435
186 460
186 468
186 484
186 500
186 525
186 534
186 565
186 589
186 615
186 646
186 772
186 819
186 866
186 872
187 232
187 251
187 279
187 304
187 321
187 326
187 355
187 369
187 371
187 376
187 403
187 461
187 473
187 485
187 495
187 505
187 512
187 513
187 532
187 548
187 560
187 590
187 591
187 594
187 609
187 636
187 641
187 691
187 752
187 764
187 772
187 863
187 866
187 870
187 929
187 932
188 237
188 260
188 430
188 445
188 499
188 540
188 622
188 858
188 955
189 234
189 261
189 282
189 354
189 401
189 429
189 474
189 551
189 566
189 586
189 623
189 630
189 633
189 646
189 677
189 687
189 725
189 727
189 730
189 810
189 834
189 853
189 950
189 964
189 990
189 996
190 193
190 250
190 291
190 348
190 440
190 543
190 558
190 582
190 706
190 845
190 872
190 903
190 915
191 213
191 232
191 282
191 324
191 333
191 351
191 356
191 389
191 399
191 436
191 443
191 463
191 467
191 470
191 482
191 574
191 582
191 634
191 659
191 662
191 672
191 749
191 758
191 769
191 796
191 826
191 837
191 877
191 887
191 895
191 968
192 196
192 199
192 216
192 217
192 335
192 424
192 456
192 511
192 542
192 650
192 699
192 700
192 715
192 747
192 749
192 841
192 863
192 872
192 891
192 967
192 974
193 249
193 251
193 254
193 273
193 341
193 364
193 390
193 436
193 450
193 459
193 479
193 485
193 488
193 508
193 524
193 534
193 638
193 653
193 696
193 697
193 721
193 827
193 904
193 906
193 921
194 225
194 233
194 256
194 264
194 284
194 298
194 319
194 321
194 376
194 411
194 490
194 523
194 583
194 585
194 596
194 624
194 629
194 698
194 756
194 873
194 893
194 918
194 919
194 957
194 958
194 986
195 235
195 237
195 262
195 382
195 395
195 402
195 419
195 565
195 587
195 633
195 640
195 645
195 697
195 699
195 760
195 835
195 839
195 850
195 882
195 891
195 904
195 988
195 994
196 318
196 336
196 339
196 354
196 565
196 605
196 638
196 654
196 697
196 701
196 736
196 769
196 771
196 810
196 814
196 844
196 931
196 974
197 284
197 357
197 365
197 417
197 429
197 473
197 474
197 477
197 586
197 639
197 669
197 690
197 701
197 709
197 717
197 787
197 846
197 904
197 929
197 995
197 999
198 293
198 578
198 618
198 655
198 683
198 706
198 710
198 773
198 880
198 903
198 904
198 926
198 928
199 227
199 341
199 342
199 370
199 477
199 536
199 551
199 577
199 616
199 624
199 693
199 747
199 798
199 903
199 972
200 396
200 539
200 586
200 604
200 615
200 654
200 787
200 822
200 841
200 852
200 899
200 964
201 222
201 266
201 461
201 462
201 494
201 548
201 600
201 614
201 653
201 656
201 664
201 787
201 840
201 867
201 911
201 961
202 208
202 209
202 315
202 388
202 412
202 440
202 446
202 583
202 598
202 605
202 619
202 635
202 666
202 796
202 819
202 842
202 875
202 916
202 950
202 970
203 270
203 338
203 357
203 478
203 481
203 505
203 528
203 534
203 564
203 588
203 598
203 619
203 663
203 695
203 754
203 759
203 774
203 780
203 826
203 860
203 865
203 880
203 944
203 963
203 968
204 256
204 271
204 316
204 342
204 431
204 468
204 475
204 486
204 513
204 515
204 548
204 562
204 568
204 589
204 680
204 694
204 795
204 812
204 889
204 922
204 926
205 236
205 246
205 258
205 313
205 392
205 529
205 553
205 573
205 605
205 673
205 694
205 706
205 736
205 764
205 784
205 890
205 897
205 922
205 930
206 208
206 386
206 392
206 399
206 584
206 597
206 733
206 837
206 842
206 939
206 954
206 974
206 980
207 277
207 278
207 351
207 491
207 544
207 586
207 816
207 844
207 996
208 225
208 297
208 322
208 369
208 390
208 443
208 447
208 467
208 561
208 596
208 624
208 701
208 716
208 743
208 785
208 856
208 911
208 921
208 961
209 259
209 274
209 282
209 342
209 389
209 402
209 453
209 477
209 485
209 542
209 599
209 670
209 680
209 693
209 696
209 776
209 823
209 826
210 217
210 244
210 281
210 320
210 333
210 358
210 377
210 402
210 423
210 472
210 491
210 497
210 505
210 515
210 526
210 538
210 547
210 548
210 559
210 563
210 581
210 592
210 611
210 623
210 668
210 691
210 745
210 749
210 768
210 772
210 773
210 811
210 820
210 840
210 841
210 873
210 891
210 948
210 955
210 966
210 987
210 989
210 998
211 238
211 240
211 310
211 366
211 412
211 461
211 546
211 668
211 745
211 863
211 901
211 935
211 962
212 229
212 234
212 245
212 246
212 278
212 283
212 302
212 426
212 427
212 448
212 498
212 532
212 583
212 670
212 671
212 708
212 751
212 795
212 836
212 903
212 931
212 943
213 371
213 375
213 376
213 394
213 429
213 435
213 438
213 453
213 589
213 595
213 605
213 610
213 681
213 723
213 726
213 739
213 757
213 933
213 944
213 948
213 958
214 277
214 312
214 418
214 436
214 529
214 536
214 641
214 797
214 875
214 891
214 935
215 225
215 463
215 466
215 500
215 572
215 655
215 662
215 694
215 695
215 711
215 768
215 823
215 904
216 235
216 259
216 307
216 313
216 341
216 352
216 363
216 413
216 423
216 440
216 465
216 476
216 537
216 597
216 630
216 646
216 670
216 702
216 733
216 810
216 828
216 829
216 864
216 871
216 882
216 887
216 919
216 977
216 982
217 232
217 257
217 268
217 275
217 299
217 304
217 370
217 376
217 394
217 444
217 479
217 488
217 555
217 596
217 609
217 648
217 662
217 664
217 690
217 731
217 760
217 762
217 763
217 777
217 819
217 843
217 909
217 918
218 315
218 360
218 387
218 392
218 446
218 504
218 534
218 536
218 540
218 573
218 650
218 681
218 710
218 715
218 768
218 789
218 803
218 859
218 865
218 895
218 919
218 942
218 961
218 998
219 250
219 320
219 348
219 380
219 393
219 400
219 407
219 415
219 476
219 507
219 564
219 591
219 658
219 675
219 923
219 934
219 991
219 994
220 309
220 313
220 338
220 421
220 423
220 555
220 585
220 634
220 690
220 819
220 844
220 850
220 881
220 935
220 978
221 247
221 277
221 279
221 371
221 415
221 417
221 501
221 523
221 531
221 546
221 557
221 573
221 583
221 624
221 636
221 667
221 707
221 751
221 803
221 811
221 824
221 825
221 836
221 845
221 872
221 893
221 903
221 936
222 238
222 246
222 279
222 285
222 289
222 326
222 349
222 364
222 372
222 373
222 375
222 376
222 387
222 516
222 554
222 576
222 586
222 604
222 616
222 636
222 652
222 670
222 673
222 690
222 708
222 711
222 721
222 737
222 867
222 875
222 891
222 900
222 921
222 929
222 957
222 978
223 284
223 382
223 386
223 498
223 504
223 549
223 667
223 729
223 746
223 770
223 851
223 860
223 882
223 888
223 920
223 940
223 994
224 288
224 296
224 328
224 386
224 596
224 632
224 690
224 724
224 745
224 764
224 971
225 239
225 356
225 360
225 444
225 567
225 613
225 620
225 633
225 659
225 669
225 679
225 786
225 818
225 823
225 877
225 926
225 935
225 962
225 973
226 333
226 478
226 556
226 598
226 616
226 659
226 808
226 824
226 837
226 958
226 999
227 279
227 311
227 328
227 349
227 356
227 383
227 403
227 490
227 553
227 559
227 606
227 633
227 647
227 660
227 722
227 737
227 754
227 827
227 873
227 945
227 997
228 232
228 234
228 376
228 463
228 507
228 563
228 568
228 569
228 583
228 624
228 646
228 745
228 749
228 761
228 768
228 772
228 825
228 869
228 878
228 879
228 899
228 948
228 950
228 953
228 981
228 997
229 284
229 299
229 388
229 444
229 465
229 484
229 490
229 587
229 644
229 773
229 852
229 922
229 986
229 994
230 312
230 363
230 417
230 420
230 469
230 494
230 570
230 625
230 684
230 698
230 734
230 760
230 878
230 897
230 922
231 260
231 266
231 343
231 526
231 602
231 663
231 726
231 854
231 961
231 979
231 994
232 311
232 344
232 346
232 357
232 388
232 453
232 471
232 551
232 580
232 592
232 616
232 697
232 726
232 749
232 754
232 930
232 945
232 971
232 979
233 365
233 436
233 445
233 463
233 481
233 485
233 560
233 566
233 634
233 697
233 733
233 756
233 760
233 848
233 859
233 903
233 919
233 935
233 973
233 984
234 268
234 305
234 343
234 352
234 389
234 411
234 417
234 423
234 432
234 454
234 535
234 538
234 540
234 551
234 591
234 640
234 651
234 680
234 706
234 717
234 813
234 842
234 862
234 875
234 891
234 951
234 978
234 993
235 245
235 332
235 419
235 486
235 496
235 502
235 553
235 564
235 576
235 611
235 666
235 690
235 701
235 719
235 792
235 800
235 819
235 850
235 890
235 933
235 944
235 994
236 292
236 314
236 327
236 360
236 364
236 366
236 409
236 421
236 476
236 591
236 629
236 638
236 685
236 717
236 735
236 837
236 855
237 248
237 291
237 415
237 418
237 506
237 545
237 580
237 614
237 710
237 717
237 727
237 845
237 852
237 957
238 265
238 284
238 328
238 376
238 412
238 514
238 515
238 591
238 651
238 690
238 736
238 759
238 760
238 794
238 822
238 925
238 956
238 976
238 990
239 252
239 264
239 267
239 329
239 342
239 353
239 395
239 421
239 477
239 503
239 512
239 519
239 535
239 539
239 559
239 653
239 715
239 778
239 788
239 828
239 842
239 852
239 919
239 972
239 976
240 289
240 300
240 376
240 385
240 528
240 539
240 672
240 760
240 813
240 837
240 983
240 996
241 287
241 383
241 417
241 449
241 643
241 698
241 744
241 754
241 806
241 897
241 926
241 984
242 302
242 310
242 320
242 324
242 442
242 508
242 547
242 586
242 616
242 659
242 669
242 692
242 694
242 737
242 772
242 819
242 881
242 925
242 958
243 254
243 364
243 372
243 407
243 483
243 503
243 528
243 529
243 598
243 643
243 695
243 739
243 741
243 760
243 794
243 796
243 876
243 975
244 319
244 324
244 332
244 376
244 388
244 393
244 409
244 421
244 599
244 645
244 694
244 760
244 762
244 781
244 792
244 825
244 848
244 882
244 885
244 906
244 918
244 940
244 980
244 999
245 249
245 294
245 341
245 361
245 446
245 473
245 524
245 586
245 707
245 730
245 939
245 961
246 274
246 370
246 433
246 529
246 692
246 695
246 814
246 839
246 874
247 276
247 439
247 446
247 452
247 454
247 474
247 515
247 593
247 597
247 601
247 735
247 813
247 846
247 850
247 866
247 888
247 899
247 908
247 919
247 967
248 260
248 374
248 404
248 455
248 569
248 573
248 583
248 605
248 647
248 656
248 710
248 713
248 719
248 728
248 746
248 765
248 852
249 314
249 415
249 501
249 510
249 555
249 615
249 625
249 634
249 642
249 692
249 708
249 711
249 809
249 824
249 830
249 842
249 934
249 948
249 988
250 258
250 277
250 304
250 312
250 353
250 376
250 456
250 466
250 485
250 524
250 533
250 541
250 559
250 563
250 594
250 671
250 704
250 718
250 726
250 731
250 771
250 791
250 793
250 825
250 844
250 909
250 918
250 954
250 975
250 980
251 268
251 279
251 290
251 349
251 403
251 468
251 490
251 496
251 502
251 531
251 534
251 639
251 651
251 694
251 717
251 765
251 771
251 793
251 818
251 833
251 848
251 852
251 871
251 897
251 903
251 907
251 922
251 968
251 992
252 262
252 272
252 340
252 398
252 416
252 473
252 493
252 505
252 575
252 602
252 618
252 624
252 719
252 744
252 751
252 764
252 779
252 794
252 809
252 879
252 904
252 918
252 958
253 306
253 376
253 484
253 486
253 523
253 657
253 717
253 739
253 746
253 796
253 803
253 806
253 819
253 888
253 922
253 970
254 258
254 260
254 365
254 424
254 428
254 516
254 542
254 559
254 618
254 654
254 668
254 696
254 727
254 784
254 802
254 813
254 831
254 851
254 862
254 890
254 934
254 938
255 310
255 399
255 510
255 558
255 606
255 651
255 704
255 769
255 849
255 897
255 965
255 997
256 261
256 268
256 307
256 325
256 341
256 356
256 364
256 390
256 415
256 472
256 480
256 483
256 486
256 506
256 514
256 566
256 567
256 591
256 636
256 687
256 694
256 696
256 738
256 778
256 783
256 787
256 853
256 876
256 934
256 983
256 996
257 299
257 326
257 365
257 406
257 410
257 487
257 555
257 619
257 632
257 656
257 672
257 686
257 704
257 728
257 802
257 904
257 956
257 962
257 964
258 271
258 277
258 309
258 351
258 482
258 483
258 487
258 595
258 623
258 624
258 626
258 701
258 708
258 747
258 760
258 765
258 766
258 779
258 803
258 824
258 831
258 905
258 922
258 977
258 991
259 312
259 387
259 395
259 399
259 412
259 414
259 423
259 478
259 491
259 548
259 598
259 612
259 620
259 625
259 629
259 667
259 678
259 685
259 764
259 777
259 785
259 822
259 954
259 961
259 987
259 999
260 363
260 423
260 541
260 596
260 631
260 708
260 718
260 756
260 771
260 819
260 825
260 859
261 294
261 366
261 477
261 494
261 630
261 641
261 663
261 698
261 765
261 811
261 972
261 993
262 333
262 360
262 444
262 479
262 614
262 626
262 655
262 814
262 843
262 849
262 875
262 879
262 990
263 346
263 398
263 483
263 569
263 572
263 573
263 598
263 599
263 677
263 695
263 738
263 790
263 835
263 933
263 944
264 279
264 310
264 672
264 737
264 773
264 931
264 957
264 989
265 275
265 312
265 319
265 380
265 451
265 463
265 465
265 474
265 499
265 540
265 544
265 598
265 613
265 627
265 706
265 710
265 746
265 750
265 759
265 769
265 771
265 775
265 791
265 804
265 839
265 865
265 875
265 937
265 970
266 376
266 439
266 501
266 537
266 687
266 689
266 732
266 884
266 899
266 910
266 977
267 297
267 305
267 630
267 653
267 718
267 811
267 868
268 391
268 524
268 589
268 596
268 620
268 675
268 694
268 773
268 817
268 828
268 868
268 914
268 926
268 958
269 286
269 319
269 381
269 392
269 404
269 442
269 454
269 575
269 583
269 597
269 613
269 618
269 630
269 640
269 662
269 796
269 817
270 331
270 429
270 495
270 515
270 524
270 536
270 551
270 561
270 593
270 693
270 861
271 277
271 284
271 347
271 377
271 384
271 429
271 488
271 490
271 514
271 521
271 568
271 607
271 654
271 701
271 749
271 763
271 781
271 867
271 894
271 904
271 993
272 273
272 309
272 519
272 671
272 800
272 814
272 823
272 828
272 876
272 923
273 283
273 287
273 306
273 324
273 334
273 438
273 506
273 533
273 569
273 591
273 645
273 722
273 748
273 751
273 754
273 769
273 804
273 806
273 996
274 297
274 302
274 307
274 339
274 345
274 416
274 479
274 510
274 516
274 553
274 561
274 632
274 656
274 661
274 667
274 692
274 707
274 714
274 878
274 920
274 964
274 988
275 280
275 298
275 315
275 341
275 381
275 404
275 433
275 507
275 595
275 647
275 656
275 733
275 769
275 772
275 776
275 812
275 837
275 871
275 882
275 952
275 975
276 312
276 326
276 562
276 597
276 606
276 614
276 657
276 772
276 800
276 835
276 851
276 969
276 977
277 288
277 321
277 332
277 341
277 366
277 414
277 446
277 447
277 456
277 538
277 559
277 581
277 624
277 628
277 651
277 652
277 664
277 671
277 672
277 690
277 706
277 743
277 794
277 821
277 864
277 882
277 933
277 985
277 996
278 348
278 362
278 399
278 489
278 557
278 760
278 799
278 814
278 866
278 868
278 922
279 300
279 303
279 337
279 376
279 469
279 478
279 489
279 526
279 547
279 552
279 580
279 616
279 624
279 626
279 650
279 652
279 665
279 695
279 698
279 704
279 735
279 759
279 762
279 874
279 877
279 908
279 929
279 938
279 972
279 994
280 300
280 374
280 406
280 419
280 428
280 460
280 470
280 526
280 536
280 552
280 595
280 634
280 835
280 849
280 850
280 919
280 994
281 304
281 307
281 398
281 443
281 445
281 454
281 468
281 485
281 814
281 896
281 971
282 325
282 448
282 540
282 572
282 574
282 642
282 765
282 769
282 783
282 843
282 859
282 964
282 968
283 341
283 396
283 409
283 410
283 419
283 450
283 570
283 649
283 662
283 682
283 685
283 769
283 860
283 905
283 911
283 936
283 964
284 289
284 349
284 360
284 364
284 371
284 419
284 433
284 439
284 448
284 483
284 488
284 511
284 530
284 535
284 570
284 613
284 615
284 624
284 660
284 704
284 715
284 728
284 809
284 811
284 842
284 846
284 858
284 860
284 878
284 899
284 909
284 913
284 917
284 927
284 996
285 300
285 389
285 410
285 469
285 543
285 614
285 710
285 893
285 917
285 997
286 298
286 312
286 344
286 407
286 462
286 486
286 518
286 679
286 682
286 697
286 702
286 711
286 769
286 831
286 873
286 904
286 916
286 936
286 938
286 946
286 969
287 303
287 312
287 395
287 396
287 437
287 448
287 470
287 471
287 543
287 551
287 554
287 598
287 603
287 612
287 650
287 653
287 664
287 726
287 819
287 837
287 873
287 902
287 936
288 410
288 412
288 421
288 444
288 452
288 505
288 557
288 597
288 606
288 611
288 648
288 672
288 721
288 760
288 870
289 299
289 312
289 316
289 356
289 404
289 419
289 423
289 444
289 476
289 559
289 609
289 629
289 641
289 656
289 745
289 756
289 763
289 887
289 894
289 921
289 937
289 952
289 963
290 418
290 529
290 552
290 575
290 582
290 789
290 839
290 881
290 969
291 293
291 315
291 317
291 318
291 330
291 373
291 384
291 408
291 469
291 477
291 614
291 628
291 647
291 658
291 662
291 673
291 686
291 696
291 732
291 777
291 829
291 854
291 862
291 948
291 976
292 301
292 310
292 327
292 355
292 356
292 419
292 436
292 479
292 582
292 598
292 615
292 634
292 768
292 788
292 819
292 848
292 945
293 327
293 352
293 395
293 505
293 577
293 597
293 648
293 659
293 682
293 736
293 745
293 769
293 784
293 807
293 850
293 853
293 855
293 860
293 881
293 926
293 943
293 952
293 954
293 965
294 512
294 540
294 563
294 591
294 631
294 958
294 979
294 996
295 301
295 334
295 370
295 402
295 475
295 552
295 557
295 591
295 601
295 650
295 781
295 918
295 922
295 971
296 299
296 453
296 559
296 638
296 664
296 697
296 749
296 835
296 842
296 880
296 897
296 910
296 931
296 966
296 969
297 367
297 410
297 498
297 540
297 575
297 738
297 764
297 766
297 775
297 784
297 800
297 817
297 819
297 852
297 924
297 975
297 994
298 333
298 465
298 518
298 552
298 586
298 597
298 647
298 667
298 710
298 750
298 755
298 769
298 824
298 825
298 878
298 913
298 929
298 984
299 318
299 471
299 490
299 529
299 539
299 555
299 558
299 574
299 586
299 591
299 622
299 644
299 648
299 672
299 674
299 679
299 698
299 748
299 868
299 873
299 962
300 321
300 366
300 384
300 389
300 447
300 530
300 571
300 618
300 666
300 748
300 790
300 831
300 846
300 871
300 921
300 951
300 988
301 380
301 432
301 457
301 466
301 467
301 500
301 506
301 514
301 535
301 645
301 647
301 651
301 687
301 723
301 728
301 738
301 769
301 771
301 780
301 804
301 869
301 882
301 896
302 320
302 349
302 400
302 424
302 491
302 509
302 528
302 548
302 549
302 579
302 611
302 667
302 688
302 721
302 805
302 852
302 857
302 869
302 880
302 970
302 975
302 988
303 314
303 332
303 385
303 488
303 502
303 505
303 532
303 588
303 667
303 673
303 802
303 857
303 881
303 897
303 908
303 930
303 961
303 975
304 313
304 346
304 354
304 395
304 404
304 415
304 428
304 439
304 441
304 660
304 718
304 853
304 931
305 309
305 339
305 415
305 440
305 554
305 640
305 658
305 862
305 865
305 890
305 932
305 950
306 341
306 364
306 423
306 426
306 452
306 484
306 506
306 651
306 686
306 698
306 787
306 857
306 981
307 318
307 336
307 375
307 422
307 483
307 511
307 575
307 580
307 581
307 600
307 603
307 608
307 619
307 621
307 631
307 701
307 711
307 743
307 745
307 826
307 828
307 830
307 844
307 861
307 866
307 867
307 906
307 926
307 934
307 936
307 961
307 972
307 973
307 974
307 976
308 359
308 403
308 471
308 509
308 547
308 580
308 624
308 673
308 784
308 787
308 812
308 813
308 864
308 866
308 963
308 964
309 333
309 458
309 654
309 671
309 705
309 803
309 950
310 349
310 374
310 471
310 472
310 479
310 493
310 555
310 578
310 624
310 748
310 777
310 801
310 815
310 839
310 882
310 965
310 982
311 339
311 381
311 494
311 502
311 505
311 623
311 646
311 651
311 672
311 709
311 820
311 877
311 903
311 923
311 950
311 955
311 989
311 993
312 326
312 358
312 363
312 385
312 390
312 453
312 475
312 483
312 551
312 577
312 594
312 598
312 616
312 627
312 647
312 692
312 709
312 714
312 751
312 774
312 827
312 882
312 891
312 922
312 932
312 955
313 394
313 417
313 475
313 508
313 758
313 764
313 796
313 849
313 860
313 897
313 916
313 957
313 982
314 362
314 446
314 461
314 491
314 558
314 559
314 575
314 614
314 738
314 751
314 854
314 975
314 980
315 392
315 430
315 440
315 468
315 480
315 481
315 561
315 575
315 613
315 645
315 668
315 671
315 679
315 727
315 772
315 790
315 796
315 819
315 822
315 825
315 828
315 908
315 912
315 922
315 926
315 955
315 999
316 320
316 327
316 359
316 470
316 633
316 667
316 695
316 770
317 319
317 458
317 465
317 472
317 476
317 509
317 512
317 558
317 639
317 682
317 683
317 713
317 734
317 772
317 847
317 906
317 927
317 932
317 996
318 412
318 456
318 525
318 526
318 551
318 580
318 752
318 796
318 856
318 869
318 885
318 932
319 375
319 453
319 464
319 469
319 529
319 530
319 631
319 701
319 720
319 817
319 873
319 918
319 931
320 360
320 408
320 434
320 444
320 488
320 497
320 498
320 505
320 513
320 524
320 554
320 569
320 582
320 634
320 649
320 675
320 689
320 722
320 728
320 737
320 783
320 854
320 925
320 949
320 955
320 966
320 993
321 352
321 371
321 455
321 507
321 523
321 524
321 613
321 614
321 624
321 653
321 660
321 684
321 715
321 721
321 739
321 813
321 835
321 840
321 978
322 337
322 364
322 421
322 451
322 563
322 597
322 662
322 702
322 724
322 756
322 768
322 777
322 784
322 816
322 841
322 864
322 894
322 896
322 907
322 938
323 361
323 391
323 404
323 418
323 451
323 469
323 478
323 528
323 547
323 560
323 764
323 773
323 793
323 930
323 931
323 938
323 961
324 328
324 341
324 401
324 423
324 476
324 545
324 569
324 599
324 656
324 712
324 731
324 749
324 786
324 810
324 832
324 836
324 839
324 876
324 948
324 993
325 419
325 449
325 462
325 479
325 574
325 647
325 669
325 745
325 832
325 847
325 871
325 874
325 882
325 920
325 931
325 951
326 335
326 442
326 446
326 447
326 448
326 480
326 533
326 554
326 624
326 628
326 636
326 658
326 680
326 685
326 694
326 733
326 737
326 744
326 746
326 755
326 764
326 766
326 767
326 785
326 813
326 829
326 866
326 872
326 898
326 914
327 329
327 331
327 387
327 597
327 626
327 691
327 695
327 742
327 751
327 813
328 335
328 402
328 476
328 511
328 524
328 528
328 540
328 558
328 580
328 592
328 607
328 673
328 689
328 696
328 700
328 714
328 717
328 764
328 773
328 789
328 800
328 829
328 833
328 896
328 984
328 996
329 480
329 572
329 583
329 596
329 611
329 614
329 617
329 672
329 690
329 765
329 776
329 819
329 825
329 881
329 970
330 388
330 404
330 486
330 526
330 532
330 566
330 579
330 638
330 651
330 683
330 713
330 732
330 733
330 897
330 937
331 469
331 470
331 679
331 682
331 688
331 717
331 794
331 863
331 882
331 935
331 964
332 342
332 419
332 440
332 538
332 565
332 571
332 581
332 624
332 655
332 683
332 718
332 746
332 774
332 833
332 850
332 852
332 917
332 965
333 363
333 365
333 366
333 369
333 387
333 483
333 498
333 510
333 543
333 605
333 623
333 653
333 702
333 710
333 752
333 758
333 763
333 772
333 800
333 848
333 936
333 938
333 944
333 973
334 343
334 404
334 475
334 632
334 756
334 769
334 874
334 955
334 973
334 976
335 390
335 406
335 434
335 547
335 577
335 682
335 743
335 800
335 861
335 920
335 961
335 977
335 980
335 993
336 458
336 481
336 498
336 630
336 634
336 650
336 794
336 822
336 936
336 965
336 993
337 376
337 395
337 414
337 418
337 632
337 836
338 394
338 398
338 469
338 481
338 547
338 606
338 613
338 702
338 737
338 754
338 805
338 970
338 992
339 344
339 436
339 494
339 511
339 514
339 537
339 544
339 586
339 722
339 825
339 918
339 978
340 355
340 370
340 405
340 418
340 462
340 487
340 524
340 580
340 586
340 590
340 599
340 603
340 676
340 717
340 726
340 735
340 773
340 829
340 883
340 887
340 889
340 890
340 919
340 952
340 972
340 981
341 355
341 430
341 433
341 448
341 496
341 515
341 545
341 562
341 569
341 627
341 641
341 695
341 698
341 711
341 831
341 860
341 882
341 909
341 930
341 954
341 957
341 962
341 967
341 981
341 994
342 374
342 432
342 440
342 442
342 453
342 455
342 462
342 463
342 484
342 533
342 559
342 591
342 601
342 605
342 630
342 662
342 696
342 748
342 783
342 814
342 841
342 849
342 904
343 409
343 480
343 515
343 694
343 699
343 820
343 823
343 844
343 893
344 403
344 426
344 433
344 523
344 535
344 694
344 709
344 724
344 832
344 847
344 889
345 348
345 494
345 529
345 556
345 580
345 598
345 670
345 717
345 718
345 729
345 804
345 813
345 825
345 853
345 870
345 922
345 988
345 990
346 365
346 421
346 440
346 472
346 507
346 547
346 577
346 635
346 642
346 659
346 677
346 713
346 729
346 741
346 787
346 791
346 792
346 822
346 877
346 946
346 970
346 999
347 388
347 389
347 439
347 467
347 471
347 568
347 665
347 750
347 763
347 819
347 853
347 913
347 919
348 392
348 425
348 486
348 557
348 624
348 699
348 744
348 749
348 762
348 814
348 825
348 838
348 855
348 857
348 897
348 915
348 920
348 923
348 934
348 949
349 522
349 622
349 756
349 776
349 787
349 809
349 865
349 902
350 362
350 375
350 388
350 398
350 448
350 645
350 667
350 670
350 824
350 868
351 356
351 412
351 436
351 471
351 499
351 572
351 635
351 661
351 673
351 926
351 969
351 979
352 372
352 455
352 485
352 552
352 575
352 587
352 597
352 695
352 698
352 719
352 739
352 783
352 793
352 813
352 985
352 988
353 369
353 437
353 471
353 507
353 775
353 796
353 809
353 819
353 854
353 922
353 945
353 953
353 970
353 979
354 370
354 529
354 540
354 607
354 652
354 786
354 914
354 999
355 542
355 744
355 759
355 808
355 836
356 377
356 404
356 436
356 450
356 451
356 558
356 560
356 574
356 582
356 612
356 621
356 630
356 669
356 680
356 698
356 792
356 857
356 861
356 870
356 968
356 970
356 972
356 988
357 398
357 420
357 433
357 479
357 495
357 499
357 564
357 565
357 572
357 598
357 622
357 634
357 645
357 647
357 663
357 772
357 798
357 835
357 853
357 868
357 893
358 476
358 626
358 664
358 665
358 690
358 716
358 727
358 728
358 805
358 857
358 887
358 908
359 469
359 494
359 571
359 615
359 757
359 760
359 769
359 776
359 841
359 875
359 883
359 920
360 366
360 388
360 392
360 399
360 402
360 465
360 530
360 572
360 587
360 689
360 709
360 730
360 743
360 803
360 809
360 824
360 836
360 879
360 914
360 989
360 998
361 380
361 408
361 496
361 507
361 591
361 768
361 885
361 900
361 903
361 910
361 956
362 364
362 421
362 439
362 511
362 577
362 581
362 701
362 734
362 848
362 854
362 958
362 975
363 402
363 447
363 455
363 542
363 550
363 589
363 638
363 683
363 758
363 763
363 768
363 831
363 836
363 840
363 841
363 893
363 984
364 386
364 436
364 449
364 453
364 492
364 528
364 550
364 596
364 609
364 639
364 661
364 722
364 772
364 797
364 869
364 879
364 958
364 999
365 377
365 467
365 505
365 508
365 509
365 512
365 514
365 562
365 566
365 721
365 783
365 792
365 796
365 807
365 853
365 886
365 899
366 427
366 528
366 566
366 581
366 591
366 619
366 636
366 648
366 651
366 683
366 725
366 739
366 751
366 765
366 786
366 847
366 850
366 919
366 944
366 956
367 402
367 420
367 478
367 724
367 727
367 809
367 825
367 852
367 901
367 918
367 919
367 948
367 970
367 999
368 476
368 481
368 589
368 798
368 806
368 994
368 996
369 398
369 423
369 464
369 598
369 610
369 683
369 737
369 805
369 806
369 889
369 894
369 897
369 903
369 927
369 997
370 428
370 446
370 469
370 535
370 573
370 587
370 609
370 613
370 651
370 661
370 695
370 803
370 812
370 850
370 932
370 942
370 946
370 976
371 394
371 395
371 452
371 490
371 529
371 536
371 542
371 591
371 594
371 613
371 631
371 637
371 651
371 663
371 681
371 686
371 704
371 842
371 851
371 866
371 881
371 935
371 941
371 942
371 994
371 999
372 380
372 449
372 460
372 512
372 515
372 611
372 732
372 787
372 794
372 828
372 869
372 871
372 919
372 940
373 440
373 462
373 547
373 598
373 620
373 626
373 793
373 832
373 836
373 979
373 984
374 388
374 593
374 630
374 668
374 690
374 753
374 819
374 890
374 936
374 976
375 436
375 450
375 456
375 471
375 553
375 570
375 599
375 713
375 738
375 801
375 815
375 839
375 915
375 961
375 982
375 989
376 398
376 411
376 449
376 491
376 522
376 552
376 554
376 562
376 586
376 595
376 636
376 685
376 708
376 762
376 766
376 783
376 788
376 795
376 810
376 849
376 897
376 901
376 992
377 431
377 492
377 501
377 507
377 524
377 540
377 655
377 668
377 721
377 804
377 922
378 398
378 400
378 404
378 410
378 423
378 471
378 524
378 589
378 694
378 801
378 805
378 806
378 957
378 1000
379 380
379 428
379 476
379 660
379 677
379 713
379 726
379 783
379 790
379 794
379 825
379 855
379 858
379 868
379 874
379 931
379 989
380 489
380 550
380 551
380 564
380 573
380 597
380 611
380 632
380 695
380 713
380 716
380 760
380 776
380 827
380 828
380 836
380 841
380 866
380 882
380 890
380 909
380 944
380 990
381 436
381 454
381 475
381 489
381 554
381 599
381 645
381 655
381 663
381 679
381 708
381 728
381 741
381 743
381 819
381 866
381 944
382 409
382 421
382 465
382 497
382 501
382 612
382 631
382 651
382 769
382 825
382 844
382 886
382 997
383 386
383 408
383 414
383 425
383 455
383 491
383 529
383 544
383 575
383 657
383 722
383 776
383 777
383 834
383 837
383 872
383 873
383 881
383 894
383 896
383 905
383 913
383 925
383 927
383 934
383 957
383 958
383 997
384 396
384 473
384 476
384 488
384 515
384 540
384 672
384 790
384 951
384 997
385 505
385 559
385 577
385 654
385 663
385 833
385 869
385 933
385 985
386 451
386 598
386 624
386 630
386 633
386 765
386 794
386 835
386 837
386 852
386 858
386 943
386 950
387 392
387 449
387 507
387 519
387 540
387 668
387 677
387 692
387 736
387 796
387 802
387 808
387 935
388 393
388 410
388 429
388 496
388 501
388 504
388 512
388 528
388 540
388 590
388 620
388 652
388 693
388 703
388 725
388 739
388 869
388 887
388 913
388 950
388 975
388 978
388 979
388 987
388 994
389 396
389 408
389 439
389 455
389 460
389 501
389 574
389 611
389 620
389 626
389 698
389 714
389 749
389 762
389 918
389 985
389 995
389 996
390 517
390 541
390 560
390 599
390 606
390 691
390 708
390 712
390 775
390 804
390 835
390 906
391 505
391 525
391 566
391 596
391 620
391 623
391 825
391 874
391 962
392 407
392 410
392 426
392 433
392 434
392 438
392 464
392 475
392 504
392 540
392 550
392 572
392 638
392 682
392 714
392 722
392 727
392 793
392 799
392 874
392 883
392 905
392 917
392 929
393 401
393 421
393 426
393 454
393 508
393 552
393 559
393 597
393 610
393 648
393 683
393 784
393 789
393 796
393 811
393 822
393 832
393 912
393 917
393 934
394 549
394 597
394 677
394 694
394 795
394 796
394 865
394 874
395 398
395 399
395 406
395 432
395 478
395 479
395 506
395 513
395 553
395 587
395 590
395 599
395 618
395 632
395 638
395 656
395 768
395 771
395 772
395 892
395 904
395 907
395 916
396 398
396 401
396 422
396 458
396 474
396 490
396 506
396 546
396 582
396 596
396 657
396 664
396 676
396 780
396 812
396 836
396 902
396 937
396 956
396 968
396 976
396 981
397 446
397 476
397 568
397 622
397 676
397 756
397 846
397 923
397 996
398 465
398 483
398 511
398 564
398 572
398 594
398 611
398 617
398 663
398 666
398 697
398 701
398 760
398 796
398 800
398 812
398 823
398 846
398 916
398 988
399 482
399 490
399 492
399 500
399 511
399 514
399 520
399 529
399 550
399 597
399 601
399 604
399 613
399 614
399 624
399 633
399 634
399 660
399 664
399 687
399 691
399 704
399 723
399 788
399 792
399 808
399 824
399 842
399 876
399 900
399 905
399 941
399 945
399 988
400 429
400 513
400 525
400 580
400 670
400 738
400 747
400 752
400 762
400 806
400 881
400 908
400 934
400 968
401 441
401 519
401 550
401 639
401 663
401 703
401 760
401 784
401 809
401 819
401 830
401 839
401 877
402 412
402 462
402 491
402 501
402 527
402 534
402 545
402 547
402 551
402 555
402 563
402 584
402 586
402 601
402 603
402 638
402 651
402 653
402 667
402 673
402 709
402 735
402 768
402 772
402 787
402 859
402 904
402 905
402 971
402 987
402 997
403 410
403 478
403 499
403 536
403 729
403 730
403 737
403 779
403 809
403 832
403 919
403 964
403 999
404 433
404 439
404 443
404 468
404 470
404 512
404 564
404 577
404 580
404 581
404 614
404 643
404 645
404 647
404 656
404 678
404 683
404 728
404 746
404 750
404 769
404 773
404 805
404 827
404 852
404 868
404 882
404 995
405 530
405 535
405 551
405 647
405 731
405 756
405 788
405 812
406 461
406 479
406 490
406 529
406 540
406 580
406 651
406 707
406 710
406 739
406 842
406 851
406 865
406 874
406 880
406 909
406 958
407 524
407 528
407 558
407 577
407 675
407 725
407 793
407 801
408 415
408 440
408 441
408 474
408 549
408 577
408 590
408 613
408 665
408 673
408 683
408 738
408 750
408 759
408 776
408 804
408 843
408 852
408 882
408 907
408 927
408 957
408 964
409 422
409 465
409 488
409 509
409 550
409 592
409 725
409 727
409 772
409 808
409 837
409 886
409 891
409 927
410 428
410 450
410 455
410 672
410 675
410 698
410 760
410 776
410 786
410 831
410 962
410 969
411 583
411 586
411 710
411 860
411 881
411 886
411 897
411 908
411 948
411 969
411 970
412 535
412 538
412 547
412 586
412 593
412 617
412 683
412 685
412 699
412 713
412 745
412 754
412 776
412 786
412 788
412 839
412 890
412 956
412 963
412 979
413 448
413 470
413 592
413 690
413 694
413 706
413 769
413 809
413 832
413 835
413 837
413 926
413 998
414 458
414 558
414 693
414 739
414 746
414 774
414 800
414 868
414 1000
415 450
415 463
415 466
415 575
415 630
415 634
415 635
415 698
415 763
415 766
415 767
415 789
415 835
415 894
415 910
415 934
415 970
416 476
416 479
416 620
416 698
416 703
416 710
416 734
416 774
416 775
416 795
416 833
416 928
416 998
417 431
417 475
417 537
417 584
417 612
417 640
417 656
417 727
417 729
417 735
417 739
417 767
417 790
417 799
417 866
417 903
418 449
418 466
418 481
418 499
418 530
418 572
418 624
418 660
418 669
418 714
418 768
418 830
418 853
418 874
418 898
418 963
418 990
419 438
419 457
419 473
419 499
419 512
419 518
419 527
419 595
419 610
419 624
419 630
419 631
419 670
419 675
419 792
419 835
419 889
419 994
420 489
420 577
420 587
420 647
420 668
420 745
420 791
420 802
420 805
420 929
421 435
421 523
421 577
421 583
421 598
421 658
421 673
421 688
421 692
421 698
421 718
421 719
421 761
421 778
421 784
421 809
421 817
421 846
421 919
421 923
421 929
421 933
421 958
421 987
422 423
422 480
422 530
422 572
422 577
422 609
422 619
422 623
422 632
422 650
422 652
422 666
422 676
422 732
422 812
422 815
422 893
422 896
422 951
423 553
423 556
423 560
423 565
423 580
423 582
423 602
423 619
423 627
423 664
423 687
423 733
423 743
423 752
423 866
423 876
423 880
423 922
423 936
423 945
423 954
424 528
424 615
424 727
424 747
424 771
424 807
424 808
424 863
424 912
424 928
424 970
425 431
425 440
425 514
425 584
425 722
425 773
425 826
425 893
426 448
426 455
426 481
426 482
426 506
426 507
426 556
426 583
426 641
426 650
426 696
426 699
426 732
426 733
426 739
426 796
426 800
426 819
426 841
426 893
426 1000
427 444
427 462
427 465
427 472
427 473
427 490
427 694
427 695
427 800
427 812
427 936
427 940
427 970
428 467
428 476
428 484
428 542
428 609
428 651
428 726
428 997
429 456
429 475
429 609
429 656
429 693
429 694
429 706
429 714
429 804
429 897
429 939
429 947
429 958
429 996
429 998
430 653
430 690
430 717
430 875
430 904
430 913
430 922
430 934
430 996
431 475
431 509
431 527
431 636
431 667
431 697
431 739
431 871
431 919
431 958
431 975
432 453
432 473
432 520
432 597
432 616
432 647
432 668
432 714
432 837
432 896
432 904
432 927
432 928
432 970
432 993
433 466
433 485
433 540
433 607
433 660
433 764
433 878
433 924
433 981
433 989
434 473
434 512
434 527
434 544
434 548
434 563
434 569
434 598
434 599
434 613
434 641
434 679
434 745
434 749
434 752
434 755
434 761
434 857
434 866
434 955
434 993
435 477
435 542
435 601
435 611
435 613
435 821
435 858
435 961
436 451
436 476
436 487
436 524
436 555
436 574
436 582
436 623
436 653
436 670
436 702
436 731
436 735
436 776
436 980
437 469
437 540
437 694
437 701
437 837
437 874
437 913
437 969
437 988
437 999
438 467
438 473
438 528
438 751
438 837
439 488
439 508
439 529
439 571
439 575
439 579
439 615
439 618
439 667
439 675
439 723
439 751
439 774
439 804
439 839
439 886
439 919
439 925
439 937
439 994
440 445
440 503
440 543
440 635
440 712
440 727
440 776
440 797
440 817
440 823
440 825
440 858
440 901
440 916
440 922
440 929
441 525
441 579
441 620
441 644
441 788
441 794
441 870
441 957
442 515
442 521
442 532
442 615
442 624
442 632
442 690
442 698
442 849
442 860
442 865
442 895
442 936
442 979
443 465
443 547
443 696
443 769
443 776
443 787
443 850
443 852
443 894
443 996
444 453
444 472
444 478
444 488
444 505
444 519
444 547
444 563
444 590
444 638
444 643
444 663
444 681
444 698
444 745
444 749
444 768
444 820
444 825
444 866
444 891
444 930
444 966
444 981
444 986
444 989
444 991
444 998
445 499
445 509
445 591
445 635
445 714
445 745
445 774
445 806
445 807
445 886
445 958
445 970
445 994
445 996
446 455
446 464
446 537
446 540
446 624
446 626
446 635
446 650
446 657
446 705
446 781
446 789
446 794
446 808
446 833
446 939
447 572
447 573
447 722
447 816
447 828
447 867
447 878
447 882
447 982
448 473
448 496
448 507
448 556
448 558
448 644
448 680
448 714
448 772
448 789
448 799
448 815
448 852
448 860
448 906
448 926
448 933
448 936
449 485
449 599
449 623
449 663
449 826
449 956
449 997
450 482
450 568
450 589
450 863
450 884
450 990
450 993
451 501
451 505
451 569
451 599
451 619
451 662
451 726
451 742
451 772
451 793
451 810
451 841
451 866
451 949
451 981
451 982
451 989
452 522
452 637
452 665
452 691
452 771
452 806
452 813
452 848
453 456
453 556
453 613
453 623
453 639
453 700
453 813
453 826
453 854
453 886
453 891
453 900
453 916
453 925
453 926
453 928
453 950
454 536
454 549
454 552
454 564
454 576
454 830
454 914
454 917
454 984
455 488
455 542
455 564
455 577
455 598
455 682
455 754
455 825
455 847
455 856
455 911
455 915
455 930
455 955
455 989
456 532
456 583
456 609
456 610
456 620
456 647
456 663
456 729
456 743
456 781
456 797
456 804
456 806
456 839
456 841
456 854
456 862
456 877
456 918
456 941
456 991
457 470
457 496
457 560
457 591
457 634
457 691
457 820
457 847
457 895
457 962
458 465
458 521
458 567
458 569
458 631
458 645
458 780
458 792
458 808
458 843
458 870
458 924
458 926
458 966
458 971
458 997
459 541
459 577
459 648
459 673
459 741
459 836
460 509
460 522
460 528
460 573
460 581
460 582
460 600
460 762
460 836
460 874
460 910
460 959
461 512
461 524
461 590
461 599
461 634
461 647
461 660
461 849
461 947
461 961
462 506
462 559
462 594
462 603
462 666
462 691
462 698
462 728
462 735
462 737
462 750
462 765
462 780
462 812
462 820
462 879
462 913
462 970
463 526
463 564
463 572
463 573
463 638
463 663
463 666
463 670
463 713
463 760
463 860
463 930
463 953
464 598
464 657
464 666
464 677
464 695
464 715
464 813
464 915
464 948
464 984
465 488
465 493
465 542
465 557
465 569
465 572
465 577
465 598
465 600
465 605
465 625
465 639
465 667
465 683
465 710
465 717
465 730
465 743
465 746
465 761
465 772
465 773
465 776
465 841
465 852
465 853
465 882
465 926
465 941
465 969
465 981
466 564
466 633
466 689
466 700
466 710
466 746
466 753
466 771
466 805
466 852
466 866
466 895
466 930
466 931
466 961
466 981
467 494
467 502
467 532
467 560
467 578
467 583
467 585
467 600
467 695
467 701
467 715
467 739
467 792
467 803
467 843
467 918
467 923
467 959
467 964
467 999
468 473
468 665
468 706
468 716
468 726
469 510
469 511
469 557
469 573
469 616
469 621
469 634
469 648
469 659
469 663
469 680
469 729
469 739
469 767
469 798
469 808
469 814
469 841
469 850
469 903
469 916
469 943
469 976
469 999
469 1000
470 509
470 529
470 594
470 597
470 630
470 634
470 653
470 718
470 742
470 776
470 909
470 934
470 1000
471 488
471 525
471 559
471 695
471 720
471 765
471 806
471 810
471 830
471 841
471 856
471 922
471 945
471 961
472 538
472 646
472 662
472 726
472 745
472 749
472 787
472 820
472 840
472 842
472 888
472 908
472 952
473 483
473 492
473 541
473 634
473 680
473 725
473 731
473 776
473 778
473 782
473 886
473 893
473 944
473 945
473 955
473 994
473 997
474 537
474 589
474 681
474 710
474 714
474 735
474 760
474 814
474 846
474 852
474 898
475 487
475 558
475 605
475 747
475 753
475 764
475 787
475 791
475 799
475 876
475 899
475 982
476 512
476 571
476 575
476 591
476 594
476 721
476 737
476 765
476 788
476 825
476 854
476 866
476 913
476 925
476 936
476 938
476 947
476 954
476 956
476 965
476 967
476 970
477 478
477 487
477 509
477 524
477 537
477 547
477 549
477 561
477 627
477 630
477 644
477 651
477 661
477 685
477 713
477 743
477 776
477 816
477 912
477 939
477 972
477 976
477 988
478 548
478 560
478 570
478 580
478 584
478 632
478 653
478 677
478 696
478 701
478 764
478 765
478 769
478 835
478 852
478 896
478 897
478 930
478 932
478 974
478 975
479 491
479 493
479 497
479 529
479 535
479 620
479 626
479 650
479 664
479 676
479 707
479 733
479 739
479 747
479 753
479 772
479 773
479 815
479 819
479 831
479 847
479 939
479 946
479 976
479 984
479 996
480 626
480 677
480 702
480 736
480 737
480 817
480 922
480 923
480 943
480 989
480 993
481 524
481 525
481 573
481 599
481 613
481 645
481 659
481 663
481 666
481 680
481 713
481 720
481 760
481 789
481 797
481 820
481 832
481 854
481 877
481 937
482 519
482 523
482 564
482 592
482 608
482 612
482 639
482 776
482 817
482 830
482 871
482 927
482 935
483 489
483 524
483 587
483 594
483 604
483 629
483 645
483 662
483 663
483 666
483 668
483 672
483 673
483 684
483 697
483 713
483 747
483 759
483 760
483 791
483 816
483 819
483 860
483 866
483 898
483 916
483 978
483 992
484 527
484 545
484 546
484 567
484 568
484 598
484 601
484 623
484 643
484 698
484 723
484 818
484 837
484 908
484 993
485 494
485 515
485 571
485 651
485 667
485 670
485 678
485 692
485 741
485 751
485 760
485 813
485 845
485 872
485 893
485 922
485 926
485 966
485 987
485 990
486 523
486 580
486 595
486 640
486 669
486 699
486 717
486 769
486 803
486 958
487 545
487 702
487 720
487 882
488 519
488 563
488 569
488 630
488 646
488 689
488 726
488 734
488 741
488 745
488 746
488 769
488 772
488 831
488 842
488 855
488 886
488 890
488 891
488 900
488 912
488 949
488 961
488 968
488 970
488 980
488 989
488 998
489 572
489 573
489 581
489 588
489 594
489 598
489 619
489 630
489 637
489 657
489 661
489 663
489 694
489 709
489 728
489 738
489 750
489 760
489 768
489 799
489 853
489 860
489 887
489 900
489 908
489 929
489 944
489 976
489 978
489 984
489 987
490 503
490 565
490 580
490 640
490 671
490 725
490 756
490 795
490 848
490 877
490 917
490 940
490 958
490 969
491 508
491 540
491 654
491 691
491 694
491 713
491 720
491 726
491 800
491 925
491 955
492 519
492 550
492 552
492 624
492 625
492 638
492 639
492 666
492 813
492 893
492 934
492 945
492 961
493 582
493 620
493 720
493 725
493 772
493 787
493 979
494 519
494 525
494 572
494 596
494 618
494 871
494 897
495 841
495 890
495 908
495 938
495 997
496 521
496 523
496 541
496 572
496 577
496 650
496 696
496 717
496 812
496 814
496 817
496 841
496 992
497 547
497 569
497 604
497 655
497 691
497 700
497 708
497 726
497 730
497 738
497 749
497 794
497 811
497 816
497 820
497 840
497 891
497 894
497 911
497 916
498 624
498 639
498 689
498 739
498 763
498 771
498 831
498 917
499 553
499 557
499 561
499 567
499 573
499 577
499 625
499 641
499 643
499 647
499 677
499 707
499 710
499 728
499 738
499 750
499 776
499 781
499 836
499 844
499 909
499 927
499 971
500 567
500 622
500 726
500 733
500 739
500 910
501 549
501 609
501 648
501 749
501 841
501 900
501 933
501 965
502 710
502 759
502 764
502 878
502 897
503 542
503 559
503 564
503 571
503 572
503 648
503 651
503 685
503 705
503 744
503 775
503 803
503 891
503 893
503 902
503 949
503 968
503 997
504 528
504 529
504 544
504 573
504 581
504 739
504 820
504 986
505 506
505 515
505 519
505 548
505 554
505 563
505 604
505 768
505 769
505 778
505 781
505 806
505 816
505 823
505 891
505 935
505 953
505 981
505 995
505 998
505 999
506 529
506 544
506 551
506 569
506 654
506 691
506 704
506 724
506 731
506 738
506 789
506 810
506 837
506 857
506 870
506 884
506 888
506 905
506 923
506 956
506 957
506 976
506 982
506 984
507 512
507 526
507 541
507 551
507 660
507 695
507 725
507 735
507 742
507 767
507 800
507 815
507 899
507 923
507 989
508 728
508 736
508 803
508 820
508 900
509 526
509 568
509 586
509 617
509 624
509 639
509 702
509 730
509 815
509 830
509 877
509 901
509 940
509 994
510 525
510 527
510 613
510 664
510 721
510 755
510 765
510 903
510 952
511 596
511 598
511 663
511 695
511 710
511 812
511 866
511 874
511 881
511 944
512 547
512 600
512 602
512 646
512 668
512 733
512 760
512 792
512 796
512 798
512 895
512 908
512 913
512 933
512 937
512 949
512 961
512 967
512 976
513 549
513 585
513 596
513 694
513 776
513 818
513 824
513 839
513 848
513 914
514 519
514 577
514 634
514 698
514 701
514 703
514 757
514 839
514 854
514 865
514 901
514 904
514 944
515 531
515 605
515 645
515 707
515 717
515 735
515 762
515 800
515 869
515 898
515 905
515 958
515 965
515 973
515 983
515 988
516 554
516 660
516 690
516 797
516 803
516 825
516 930
516 952
517 562
517 623
517 661
517 690
517 697
517 704
517 817
517 997
518 531
518 591
518 754
518 794
518 858
518 890
518 905
519 577
519 614
519 637
519 689
519 749
519 754
519 773
519 820
519 955
520 558
520 566
520 599
520 875
520 922
520 970
521 537
521 613
521 626
521 647
521 650
521 715
521 720
521 759
521 836
521 843
521 848
521 885
521 894
521 905
521 974
522 526
522 673
522 744
522 875
522 890
522 925
522 970
523 617
523 639
523 658
523 767
523 819
523 851
523 881
523 883
523 937
523 969
523 978
523 992
523 994
524 537
524 614
524 702
524 706
524 730
524 744
524 751
524 779
524 826
524 848
524 938
524 942
524 973
524 988
525 527
525 528
525 639
525 672
525 675
525 691
525 708
525 723
525 743
525 832
525 888
525 956
525 970
525 971
525 999
526 573
526 577
526 737
526 772
526 871
526 934
526 947
527 528
527 551
527 616
527 642
527 752
527 762
527 802
527 873
527 884
527 890
527 917
527 927
527 951
527 989
528 558
528 572
528 626
528 673
528 681
528 687
528 694
528 698
528 718
528 774
528 904
528 905
528 970
529 552
529 602
529 660
529 667
529 680
529 687
529 703
529 712
529 714
529 744
529 757
529 796
529 808
529 816
529 819
529 833
529 842
529 869
529 876
529 878
529 937
529 978
529 988
529 989
530 565
530 582
530 660
530 692
530 712
530 745
530 765
530 772
530 787
530 806
530 851
530 867
530 924
530 960
530 996
531 559
531 561
531 569
531 598
531 601
531 641
531 667
531 672
531 692
531 718
531 773
531 790
531 803
531 819
531 841
531 880
531 914
531 956
531 962
531 969
532 836
532 837
532 926
532 940
532 984
533 584
533 609
533 620
533 639
533 651
533 741
533 753
533 795
533 836
533 845
533 964
533 989
534 595
534 680
534 685
534 755
534 766
534 804
534 809
534 813
534 820
534 932
535 589
535 596
535 790
535 856
535 899
535 991
535 999
536 631
536 665
536 704
536 806
536 835
536 888
536 914
537 577
537 581
537 703
537 706
537 710
537 714
537 886
537 970
538 592
538 672
538 681
538 691
538 702
538 736
538 788
538 795
538 824
538 881
539 555
539 579
539 648
539 652
539 733
539 751
539 763
539 819
539 893
539 962
539 969
539 993
540 574
540 644
540 651
540 662
540 663
540 687
540 693
540 702
540 703
540 763
540 779
540 818
540 895
540 896
540 910
540 918
540 919
541 547
541 646
541 769
541 790
541 800
542 544
542 546
542 799
542 837
542 867
542 897
542 932
542 952
542 969
542 983
543 677
543 727
543 794
543 836
543 899
543 907
544 580
544 607
544 608
544 629
544 717
544 724
544 808
544 809
544 827
544 844
544 933
544 935
544 938
544 950
544 958
545 594
545 704
545 733
545 739
545 752
545 760
545 769
545 776
545 809
545 846
545 862
545 950
545 959
546 589
546 734
546 740
546 965
547 548
547 569
547 592
547 646
547 689
547 726
547 781
547 820
547 840
547 842
547 855
547 866
547 874
547 928
547 955
547 974
547 988
547 993
548 560
548 704
548 749
548 768
548 889
548 893
548 906
548 939
548 966
548 989
548 993
549 557
549 564
549 573
549 576
549 578
549 633
549 654
549 658
549 681
549 793
549 828
549 833
549 834
549 856
549 871
549 874
549 904
549 919
549 924
549 926
549 983
549 989
549 991
550 556
550 585
550 586
550 700
550 913
550 958
551 561
551 632
551 872
552 577
552 604
552 615
552 656
552 665
552 694
552 720
552 800
552 817
552 826
552 854
552 874
552 917
552 931
553 568
553 606
553 618
553 669
553 676
553 723
553 741
553 773
553 949
553 973
554 593
554 594
554 611
554 614
554 616
554 772
554 884
554 997
555 562
555 627
555 648
555 672
555 689
555 701
555 740
555 844
555 846
555 849
555 863
555 881
555 982
556 558
556 573
556 620
556 672
556 777
556 841
556 855
556 866
556 879
556 952
556 982
557 611
557 688
557 820
557 853
557 854
557 905
558 564
558 571
558 604
558 672
558 673
558 705
558 721
558 725
558 773
558 900
559 573
559 575
559 579
559 590
559 596
559 597
559 602
559 632
559 638
559 693
559 710
559 724
559 729
559 765
559 805
559 820
559 911
559 918
559 921
559 936
559 942
559 963
559 985
559 989
560 580
560 587
560 605
560 672
560 729
560 764
560 841
560 963
560 975
561 577
561 683
561 804
561 851
561 911
561 946
562 588
562 605
562 615
562 617
562 621
562 626
562 650
562 670
562 748
562 821
562 837
562 853
562 861
562 892
562 906
562 908
563 591
563 621
563 661
563 745
563 783
563 820
563 840
563 866
563 888
563 891
563 907
563 946
563 950
563 971
563 984
564 572
564 573
564 599
564 611
564 620
564 658
564 686
564 692
564 695
564 720
564 722
564 767
564 773
564 831
564 846
564 860
564 912
564 956
564 968
564 980
564 992
565 612
565 651
565 677
565 710
565 751
565 852
565 864
565 971
565 998
566 572
566 656
566 796
566 805
566 806
566 825
566 848
566 899
566 934
566 970
566 976
567 575
567 577
567 640
567 656
567 710
567 758
567 769
567 776
567 790
567 934
567 950
567 962
568 584
568 690
568 836
568 841
569 574
569 628
569 649
569 657
569 695
569 726
569 727
569 745
569 765
569 791
569 797
569 861
569 863
569 936
569 966
569 998
570 606
570 622
570 640
570 649
570 651
570 723
570 736
570 765
570 865
570 868
570 990
571 662
571 673
571 697
571 735
571 746
571 784
571 808
571 843
571 957
571 958
571 959
572 578
572 599
572 648
572 663
572 695
572 698
572 713
572 720
572 755
572 802
572 814
572 821
572 831
572 866
572 892
572 911
572 928
572 942
572 944
572 949
572 958
572 992
573 582
573 598
573 624
573 645
573 653
573 681
573 695
573 713
573 720
573 740
573 754
573 760
573 826
573 831
573 846
573 860
573 866
573 875
573 876
573 888
573 896
573 908
573 944
573 955
573 979
574 575
574 591
574 656
574 743
574 765
574 814
574 858
574 883
574 931
574 943
575 604
575 620
575 697
575 733
575 743
575 824
575 900
576 600
576 635
576 698
576 746
576 817
576 894
576 931
576 934
576 944
576 988
576 995
577 581
577 583
577 589
577 647
577 656
577 683
577 705
577 710
577 721
577 733
577 738
577 746
577 750
577 769
577 801
577 828
577 835
577 870
577 884
577 940
577 969
577 971
578 599
578 662
578 671
578 685
578 771
578 795
578 836
578 888
578 988
579 630
579 734
579 773
579 800
579 837
579 872
579 926
579 941
579 947
580 634
580 681
580 698
580 733
580 736
580 887
580 889
580 927
580 996
581 668
581 692
581 710
581 729
581 769
581 860
582 616
582 665
582 704
582 724
582 836
582 857
582 881
582 927
582 929
582 964
582 983
583 620
583 654
583 709
583 733
583 737
583 781
583 788
583 836
583 890
583 892
583 922
583 925
584 794
584 798
584 817
584 841
584 927
584 950
584 983
584 992
585 642
585 694
585 725
585 735
585 773
585 884
585 958
585 975
586 653
586 684
586 685
586 769
586 790
586 863
586 891
587 598
587 616
587 650
587 733
587 891
587 975
588 598
588 608
588 611
588 630
588 714
588 733
588 866
588 875
588 955
588 972
589 597
589 660
589 694
589 747
589 751
589 781
589 828
589 835
589 844
589 926
589 929
589 931
589 986
590 606
590 634
590 698
590 772
590 936
591 599
591 609
591 646
591 669
591 679
591 692
591 752
591 776
591 777
591 779
591 796
591 814
591 833
591 883
591 894
591 922
591 943
591 949
591 995
592 657
592 697
592 768
592 817
592 825
592 838
592 930
592 940
593 598
593 756
593 775
593 846
593 927
593 955
593 961
594 599
594 695
594 713
594 716
594 720
594 760
594 771
594 860
594 866
594 888
594 924
594 935
594 954
594 960
595 700
595 759
595 766
595 769
595 794
595 880
595 882
595 903
595 911
595 966
595 976
596 650
596 703
596 791
596 803
596 854
596 888
596 965
597 626
597 641
597 684
597 849
597 853
597 871
597 887
597 888
597 901
597 919
597 962
597 982
598 601
598 611
598 685
598 720
598 744
598 760
598 782
598 793
598 831
598 846
598 860
598 866
598 890
598 894
598 944
598 973
598 989
599 611
599 628
599 666
599 706
599 720
599 729
599 741
599 748
599 754
599 758
599 760
599 786
599 826
599 834
599 839
599 846
599 854
599 860
599 866
599 875
599 970
599 971
600 606
600 608
600 628
600 639
600 664
600 681
600 692
600 784
600 845
600 854
600 961
600 970
601 721
601 754
601 757
601 764
601 830
601 868
601 961
601 963
602 683
602 745
602 751
602 853
602 996
603 626
603 639
603 754
603 760
603 768
603 796
603 871
603 956
604 647
604 743
604 893
604 984
605 623
605 656
605 658
605 698
605 769
605 782
605 854
605 883
605 970
606 659
606 739
606 755
606 789
606 827
606 849
606 852
606 883
606 886
606 893
606 930
606 962
607 637
607 651
607 682
607 754
607 771
607 804
607 971
607 975
608 639
608 698
608 773
608 815
608 828
608 926
608 952
608 969
609 610
609 651
609 659
609 698
609 742
609 747
609 755
609 796
609 800
609 925
609 936
609 997
610 620
610 718
610 936
610 944
610 956
610 994
611 619
611 662
611 760
611 827
611 866
611 944
612 671
612 690
612 743
612 765
612 773
612 836
612 837
613 631
613 696
613 728
613 733
613 739
613 781
613 818
613 880
613 907
613 931
613 938
613 952
613 987
614 743
614 775
614 793
614 835
614 841
614 844
614 865
614 867
614 961
615 690
615 764
615 769
615 813
615 855
615 894
615 898
615 900
615 958
615 979
616 648
616 682
616 690
616 694
616 695
616 717
616 735
616 750
616 774
616 783
616 812
616 830
616 845
616 850
616 897
616 898
616 900
616 909
616 963
617 633
617 764
617 795
617 837
617 841
617 878
617 961
618 673
618 689
618 701
618 712
618 811
618 952
618 971
619 623
619 629
619 646
619 650
619 710
619 735
619 812
619 894
619 897
619 902
619 995
620 628
620 639
620 670
620 682
620 684
620 713
620 741
620 742
620 767
620 793
620 809
620 827
620 836
620 837
620 996
621 646
621 700
621 722
621 745
621 783
621 823
621 876
621 901
621 906
621 945
621 979
621 983
621 996
622 624
622 718
622 773
622 801
622 813
622 834
622 842
622 845
622 850
622 921
622 941
622 964
622 999
623 626
623 673
623 676
623 713
623 788
623 812
623 854
623 856
623 882
623 902
623 913
623 926
623 938
623 976
624 651
624 670
624 710
624 721
624 766
624 772
624 872
624 935
624 956
625 692
625 702
625 830
625 836
625 851
625 881
625 905
625 956
626 665
626 670
626 675
626 692
626 696
626 718
626 734
626 796
626 854
626 856
626 926
627 728
627 835
627 899
627 908
627 988
628 677
628 740
628 753
628 804
628 818
628 820
628 833
628 955
629 742
629 783
629 809
629 843
629 853
629 881
629 982
630 669
630 672
630 754
630 761
630 874
630 905
630 915
630 935
630 940
630 946
631 722
631 825
631 886
631 888
631 889
631 947
631 970
632 651
632 729
632 737
632 750
632 866
632 905
632 920
632 931
633 674
633 770
633 792
633 813
633 823
633 852
633 875
633 956
633 966
634 664
634 698
634 724
634 743
634 785
634 805
634 816
634 853
634 887
634 914
634 919
634 929
634 931
634 969
634 982
635 672
635 767
635 777
635 801
635 806
635 819
635 837
635 850
635 852
635 872
635 882
635 922
635 947
635 952
635 964
635 979
635 995
635 997
636 736
636 764
636 806
636 809
636 844
636 880
636 884
637 779
637 800
637 802
637 847
637 871
637 888
637 916
637 936
637 968
637 976
638 660
638 775
638 791
638 802
638 813
638 852
638 930
639 695
639 699
639 720
639 726
639 728
639 756
639 808
639 812
639 881
639 885
639 901
639 915
639 923
639 992
640 662
640 789
640 807
640 839
640 848
640 871
640 878
640 884
640 901
640 905
640 958
640 980
641 694
641 720
641 793
641 897
641 956
642 688
642 825
642 854
642 904
642 964
643 670
643 710
643 743
643 765
643 770
643 775
643 779
643 823
643 835
643 842
643 917
643 996
644 672
644 811
644 812
644 898
644 962
644 999
645 648
645 666
645 677
645 691
645 695
645 713
645 720
645 760
645 875
645 944
645 994
645 997
646 657
646 666
646 728
646 839
646 861
646 863
647 656
647 689
647 738
647 744
647 749
647 763
647 776
647 795
647 833
647 899
647 903
647 926
647 931
647 960
647 979
648 650
648 723
648 787
648 827
648 839
648 862
648 890
648 905
648 962
648 999
649 651
649 772
649 814
649 826
649 877
649 916
649 966
650 664
650 729
650 812
650 814
650 828
650 902
650 906
650 932
650 933
651 746
651 753
651 760
651 771
651 782
651 853
651 914
651 926
651 932
651 958
651 970
651 981
651 988
652 727
652 768
652 812
652 941
652 945
652 973
653 691
653 711
653 712
653 713
653 723
653 778
653 818
653 872
653 933
653 961
653 968
654 752
654 754
654 760
654 795
654 853
654 970
654 985
655 734
655 751
655 854
656 695
656 729
656 733
656 750
656 769
656 773
656 823
656 852
656 860
656 895
656 914
656 915
656 970
657 665
657 731
657 802
657 848
657 881
657 928
657 954
657 996
658 673
658 678
658 697
658 893
658 944
658 994
659 721
659 941
659 989
660 715
660 759
660 766
660 786
660 826
660 844
660 859
660 888
660 896
660 909
660 925
660 937
660 978
661 721
661 735
661 760
661 903
661 911
662 809
662 832
662 937
662 948
662 958
663 717
663 732
663 742
663 751
663 752
663 760
663 783
663 801
663 818
663 845
663 875
663 882
663 944
663 950
664 803
664 907
664 979
664 990
665 695
665 703
665 742
665 785
665 860
665 874
665 891
665 892
665 931
665 944
665 951
665 964
665 972
665 985
666 695
666 710
666 720
666 737
666 748
666 831
666 866
666 903
666 929
667 688
667 703
667 713
667 809
667 835
667 846
667 931
667 969
668 669
668 700
668 715
668 772
668 893
668 908
668 910
668 969
668 999
669 671
669 682
669 702
669 752
669 778
669 791
669 843
669 846
669 913
669 936
669 969
670 753
670 759
670 810
670 831
670 837
670 840
670 841
670 850
670 860
670 882
670 920
670 932
670 976
671 682
671 695
671 699
671 725
671 747
671 796
671 801
671 902
671 904
671 936
671 969
671 999
672 686
672 707
672 792
672 794
672 812
672 847
672 902
672 969
673 698
673 726
673 753
673 780
673 842
673 901
673 984
674 676
674 764
674 826
674 839
674 860
674 865
674 919
674 953
674 972
674 986
675 702
675 723
675 749
675 787
675 844
675 871
675 876
675 938
676 685
676 743
676 756
676 773
676 812
676 839
676 871
676 902
676 943
677 730
677 736
677 756
677 771
677 797
677 819
677 851
677 874
677 877
677 931
677 990
677 995
678 730
678 751
678 771
678 787
678 801
678 950
679 727
679 789
679 797
679 803
679 806
679 858
679 887
679 900
679 912
679 935
680 697
680 705
680 713
680 763
680 850
680 867
680 919
680 957
680 992
681 685
681 690
681 706
681 737
681 818
681 911
681 928
682 698
682 729
682 787
682 800
682 826
682 910
682 969
683 776
683 798
683 945
683 951
683 956
684 733
684 737
684 749
684 813
684 958
685 710
685 820
685 821
685 961
685 979
686 702
686 727
686 736
686 745
686 796
686 801
686 839
686 843
686 845
686 905
686 926
686 979
686 986
687 739
687 819
687 854
687 868
687 909
687 945
687 956
687 980
688 727
688 739
688 788
688 809
688 832
688 839
688 852
688 887
688 905
688 989
689 726
689 745
689 758
689 797
689 890
689 919
689 989
690 698
690 735
690 737
690 745
690 797
690 952
690 970
691 693
691 739
691 758
691 761
691 767
691 810
691 815
691 836
691 839
691 855
691 899
691 954
691 992
692 717
692 735
692 745
692 791
692 928
692 986
692 991
692 996
693 769
693 996
694 715
694 721
694 749
694 798
694 811
694 848
694 868
694 872
694 885
694 891
694 923
694 957
694 958
694 975
694 999
695 705
695 731
695 748
695 750
695 760
695 811
695 820
695 846
695 866
695 875
695 929
695 947
695 957
696 704
696 844
696 851
696 890
696 926
697 722
697 769
697 800
697 880
697 883
697 936
697 969
697 976
698 700
698 729
698 732
698 737
698 745
698 755
698 763
698 769
698 786
698 893
698 941
698 959
699 710
699 736
699 820
699 839
699 902
699 904
699 967
699 973
700 759
700 806
700 825
700 884
700 893
700 897
700 908
700 952
700 978
701 743
701 746
701 769
701 806
701 807
701 841
701 872
701 882
701 902
701 914
701 917
701 993
702 706
702 766
702 800
702 803
702 809
702 848
702 906
702 917
702 969
703 875
703 911
704 797
704 833
704 853
704 906
704 909
704 988
705 845
705 903
705 905
706 710
706 717
706 769
706 771
706 776
706 824
706 842
706 852
706 869
706 895
706 947
706 975
707 718
707 750
707 770
707 779
707 789
707 796
707 834
707 949
708 711
708 727
708 743
708 772
708 952
708 984
708 988
708 999
709 739
709 755
709 788
709 832
709 905
710 738
710 768
710 811
710 873
710 883
710 900
710 913
710 945
710 973
711 718
711 844
711 999
712 720
712 763
712 872
712 946
712 959
712 965
713 771
713 774
713 781
713 789
713 791
713 816
713 831
713 860
713 888
713 944
713 953
713 973
713 977
714 718
714 795
714 819
714 824
714 840
714 866
714 887
715 739
715 934
715 983
716 727
716 774
716 796
716 839
716 951
716 970
716 989
716 997
717 722
717 804
717 817
717 830
717 837
717 843
717 848
717 853
717 947
717 973
718 813
718 842
718 875
718 969
718 979
719 822
719 854
719 858
720 760
720 816
720 830
720 845
720 905
720 973
720 975
721 868
721 927
721 933
722 729
722 750
722 814
722 837
722 849
722 893
722 895
722 911
722 918
722 936
722 960
722 972
722 996
723 762
723 787
723 795
723 801
723 862
723 890
724 803
724 809
724 832
724 885
725 765
725 771
725 776
725 798
725 866
725 969
726 737
726 816
726 842
726 887
726 908
726 909
726 953
726 955
726 974
727 731
727 796
727 819
727 825
727 946
728 776
728 810
728 992
729 743
729 773
729 789
729 819
729 921
729 975
730 772
730 867
730 966
731 769
731 824
731 866
731 868
731 920
731 934
731 948
731 956
732 772
732 812
732 924
733 739
733 766
733 768
733 801
733 812
733 824
733 850
733 883
733 940
733 970
734 736
734 780
734 814
734 828
734 862
734 874
734 927
734 929
734 948
734 963
734 981
735 761
735 780
735 812
735 896
735 906
735 989
736 737
736 751
736 763
736 776
736 837
736 844
736 900
736 911
736 920
736 929
736 954
737 797
737 817
737 861
737 871
737 893
737 900
737 930
737 973
738 740
738 776
738 797
738 808
738 852
738 887
738 907
738 983
739 757
739 774
739 776
739 791
739 798
739 809
739 829
739 883
739 917
739 937
739 941
739 944
739 945
739 961
739 963
739 986
739 988
740 785
740 869
741 760
741 825
741 850
741 868
741 932
741 949
741 957
742 837
742 845
742 881
742 902
742 905
742 996
743 751
743 822
743 826
743 841
743 853
743 961
743 971
744 796
744 810
744 852
744 870
744 907
744 920
744 934
744 953
745 747
745 756
745 792
745 801
745 820
745 839
745 853
745 858
745 929
745 955
745 965
745 975
745 989
745 993
746 769
746 776
746 823
746 841
746 952
746 956
746 967
746 992
747 795
747 885
747 996
748 820
748 969
748 996
749 777
749 782
749 799
749 803
749 814
749 820
749 824
749 826
749 828
749 836
749 855
749 889
749 891
749 913
749 934
749 938
749 947
749 950
749 955
749 956
749 989
749 993
750 757
750 772
750 810
750 823
750 852
750 871
750 934
750 988
751 770
751 779
751 831
751 836
751 839
751 895
751 918
751 991
752 764
752 816
752 940
753 786
753 795
753 830
753 881
753 935
753 938
753 996
754 831
754 839
754 856
754 903
754 979
755 800
755 836
755 881
755 996
756 871
756 881
756 891
756 949
756 963
756 964
756 971
757 776
757 795
757 868
757 888
757 897
757 941
757 988
758 779
758 796
758 825
758 835
758 841
758 883
758 935
758 976
758 988
758 994
759 769
759 776
759 793
759 916
759 921
759 929
759 945
759 982
760 761
760 831
760 866
760 901
760 911
760 932
760 951
760 963
760 964
761 787
761 813
761 828
761 837
761 843
762 793
762 805
762 856
762 871
762 934
762 969
762 999
763 915
763 974
763 986
764 811
764 827
764 837
764 841
764 869
764 897
764 930
764 948
764 971
764 984
765 779
765 807
765 813
765 836
765 868
765 889
765 927
766 790
766 830
766 972
766 996
767 897
767 999
768 835
768 883
768 891
768 970
769 776
769 792
769 800
769 804
769 828
769 852
769 877
769 882
769 968
770 914
770 974
771 783
771 785
771 889
771 933
772 777
772 800
772 808
772 822
772 832
772 844
772 846
772 923
772 968
772 979
773 776
773 782
773 836
773 852
773 882
773 919
773 925
773 937
773 979
773 986
774 783
774 841
774 907
775 781
775 802
775 825
775 977
776 795
776 816
776 840
776 877
776 883
776 900
776 908
776 910
776 918
776 926
776 932
776 966
776 972
777 814
777 884
777 911
777 919
777 947
778 812
778 831
778 867
778 914
778 953
779 799
779 942
779 951
779 963
780 969
781 872
781 934
782 804
782 836
782 842
782 922
783 805
783 806
783 835
783 844
783 930
783 976
784 809
784 904
784 952
784 973
784 997
785 842
785 850
785 936
785 989
786 800
786 803
786 837
786 857
786 914
786 955
787 806
787 819
787 847
787 852
787 872
787 910
787 914
787 982
788 811
788 903
788 988
789 796
789 836
789 899
789 936
789 990
790 800
790 833
790 837
790 850
790 874
790 894
790 920
791 806
791 810
791 835
791 852
791 871
791 884
791 970
792 809
792 815
792 818
792 994
793 805
793 806
793 809
793 819
793 862
793 863
793 899
793 919
793 958
793 964
793 993
794 802
794 845
794 899
794 948
794 963
795 813
795 839
795 842
795 852
795 854
795 861
795 871
795 885
795 890
795 900
795 911
795 979
795 983
795 994
796 835
796 854
796 878
796 909
796 911
796 929
796 949
796 966
796 970
796 991
796 994
797 814
797 822
797 890
797 920
797 930
797 931
797 940
797 946
797 971
798 853
798 894
798 976
798 979
798 993
799 813
799 903
799 982
799 998
800 808
800 819
800 852
800 877
800 904
800 935
800 969
800 984
801 814
801 838
801 853
801 866
801 893
801 983
802 836
802 852
802 950
803 809
803 820
803 832
803 864
803 913
803 933
803 947
803 970
804 812
804 852
804 864
804 911
804 972
804 990
805 853
805 854
805 865
805 976
805 980
805 992
806 827
806 903
806 925
806 952
806 970
807 808
807 859
807 958
807 970
807 977
807 989
808 814
808 856
808 860
808 992
809 828
809 841
809 893
809 914
809 915
809 931
809 934
809 958
810 845
810 880
810 915
811 843
811 900
811 958
811 977
812 874
812 902
812 917
812 926
812 984
813 815
813 823
813 837
813 863
813 898
813 922
813 940
814 826
814 864
814 886
814 906
814 910
814 959
814 970
814 979
814 991
814 993
815 853
815 936
815 947
816 867
816 890
816 913
816 934
816 947
816 950
816 956
817 832
817 852
817 874
817 900
817 931
817 951
817 956
817 965
817 990
817 996
818 819
818 871
818 922
818 952
818 955
818 970
818 974
818 997
819 825
819 873
819 894
819 906
819 922
819 929
819 936
819 939
819 940
819 949
819 970
819 991
819 999
820 834
820 845
820 856
820 873
820 888
820 903
820 947
820 950
820 978
820 989
820 998
821 949
822 854
822 858
822 874
822 884
822 996
823 835
823 866
823 908
823 926
824 919
825 861
825 864
825 872
825 875
825 922
825 924
825 946
825 949
825 952
825 970
825 971
825 999
826 844
826 848
826 906
826 948
828 849
828 876
828 892
828 913
828 923
828 941
828 950
829 905
829 996
830 841
830 920
830 930
830 971
830 997
831 846
831 886
831 978
832 886
832 902
832 915
832 933
833 842
833 894
833 974
833 999
834 904
834 963
835 847
835 850
835 891
835 911
835 974
836 847
836 851
836 857
836 904
836 905
836 906
836 953
836 995
836 1000
837 839
837 853
837 876
837 908
837 943
838 924
838 934
838 958
838 993
839 874
839 879
839 917
839 943
839 952
839 956
839 960
839 969
839 981
840 882
840 930
840 937
840 970
840 981
840 989
841 844
841 860
841 876
841 892
841 947
841 967
841 974
841 979
841 991
841 997
842 847
842 868
842 908
842 938
842 963
842 978
842 988
843 946
844 857
844 905
844 911
844 921
844 960
844 961
844 970
844 974
845 872
845 874
846 861
846 932
846 995
847 861
847 888
847 919
847 925
847 949
847 998
848 879
848 914
848 957
848 958
849 852
849 868
849 904
850 864
850 870
850 885
850 917
850 958
850 994
851 875
851 900
851 937
851 947
852 882
852 894
852 915
852 931
852 937
852 942
852 959
852 960
852 988
853 926
853 928
853 970
854 882
854 928
854 961
854 964
854 989
854 999
855 934
856 904
856 916
856 958
856 969
857 890
857 893
857 894
857 966
858 861
858 862
858 998
859 866
860 866
860 871
860 891
860 945
860 955
860 964
860 1000
862 919
862 978
863 993
864 912
864 924
864 979
865 866
865 867
865 904
866 875
866 878
866 880
866 929
866 944
866 954
866 994
866 996
867 893
867 926
867 936
867 989
867 994
867 1000
868 878
868 885
868 934
868 961
868 978
868 980
868 982
868 987
869 870
869 904
869 961
869 978
870 893
871 887
871 926
871 932
871 976
872 893
872 929
872 941
872 992
873 884
873 918
874 931
874 990
874 995
875 913
875 934
875 958
875 977
877 888
878 934
878 972
878 983
879 909
879 957
879 993
880 898
880 924
880 935
881 891
881 911
881 914
881 953
881 954
881 972
881 979
881 996
881 1000
882 944
882 961
883 893
883 930
883 984
884 904
884 931
884 942
884 971
884 980
886 893
886 955
886 967
887 918
887 977
888 896
888 939
888 949
888 982
888 986
889 906
889 994
890 901
890 906
890 919
890 923
891 924
891 939
891 950
891 955
891 993
892 912
892 935
892 949
893 896
893 918
893 949
893 965
893 988
893 997
894 939
895 905
895 909
895 988
896 921
896 925
896 926
896 940
896 964
896 975
896 977
897 930
897 932
897 945
897 956
898 933
898 958
899 971
900 967
902 924
902 988
903 928
903 992
904 933
904 961
904 993
905 913
905 916
905 940
905 965
905 977
905 986
905 993
906 989
907 946
907 979
908 935
908 947
908 962
909 961
909 986
911 941
911 948
911 980
913 937
915 980
915 990
917 958
918 986
919 982
920 934
920 945
920 989
920 997
921 933
921 969
922 925
922 957
922 970
922 999
923 951
923 969
924 980
925 944
925 969
929 975
929 995
929 999
930 943
931 951
934 955
934 968
934 992
935 957
935 975
936 940
936 969
936 992
938 959
938 989
939 951
940 969
941 988
942 990
944 962
944 978
944 990
944 991
944 994
945 947
946 970
946 998
947 948
947 969
947 983
947 994
949 950
950 981
950 982
950 989
950 998
951 987
954 994
955 988
955 993
956 996
958 977
958 1000
960 971
960 994
961 972
961 982
961 997
962 971
962 978
963 997
964 979
965 972
966 993
969 993
970 999
972 976
973 978
975 980
976 1000
979 988
981 989
983 989
983 999
984 988
984 999
986 1000
988 997
989 993
989 998
990 994
993 999
